benchmark,time,charge,mAh_total,mAh_cpu,mAh_wifi,energy_total,energy_cpu,energy_wifi
makeEncFile-30-10mb,1319.0,3.117,0.445,0.444,0.00111,4.993434000000001,4.9822128,0.012455532000000002
makeEncFile-30-10mb,1116.0,3.117,0.499,0.498,0.000864,5.5993788,5.5881576,0.0096951168
makeEncFile-30-10mb,1170.0,3.117,0.434,0.432,0.00123,4.8700008,4.8475584,0.013802075999999998
makeEncFile-30-10mb,1102.0,3.117,0.431,0.43,0.00111,4.8363372,4.825116,0.012455532000000002
makeEncFile-30-10mb,1122.0,3.117,0.427,0.426,0.00111,4.7914524,4.7802312,0.012455532000000002
makeEncFile-30-10mb,1133.0,3.117,0.429,0.428,0.00111,4.8138948,4.802673599999999,0.012455532000000002
makeEncFile-30-10mb,1144.0,3.117,0.393,0.392,0.00111,4.4099316,4.3987104,0.012455532000000002
makeEncFile-30-10mb,1095.0,3.117,0.481,0.48,0.0013,5.3973972,5.386176,0.014587560000000001
makeEncFile-30-10mb,1161.0,3.117,0.411,0.41,0.00111,4.6119132,4.600692,0.012455532000000002
makeEncFile-30-10mb,1158.0,3.117,0.47,0.469,0.00111,5.273963999999999,5.2627428,0.012455532000000002
makeEncFile-30-10mb,1117.0,3.117,0.436,0.435,0.00111,4.892443200000001,4.881222,0.012455532000000002
makeEncFile-30-10mb,1140.0,3.117,0.467,0.466,0.00111,5.2403004,5.229079200000001,0.012455532000000002
makeEncFile-30-10mb,1098.0,3.117,0.412,0.41,0.00111,4.6231344,4.600692,0.012455532000000002
makeEncFile-30-10mb,1292.0,3.117,0.484,0.483,0.00111,5.4310608,5.4198395999999995,0.012455532000000002
makeEncFile-30-10mb,1113.0,3.117,0.442,0.441,0.00111,4.9597704,4.9485492,0.012455532000000002
makeEncFile-30-10mb,1142.0,3.117,0.413,0.412,0.00111,4.634355599999999,4.6231344,0.012455532000000002
makeEncFile-30-10mb,1140.0,3.117,0.44,0.439,0.00111,4.937328,4.9261068,0.012455532000000002
makeEncFile-30-10mb,1118.0,3.117,0.444,0.443,0.00111,4.9822128,4.9709916,0.012455532000000002
makeEncFile-30-10mb,1135.0,3.117,0.411,0.41,0.00111,4.6119132,4.600692,0.012455532000000002
makeEncFile-30-10mb,1165.0,3.117,0.456,0.455,0.00111,5.116867200000001,5.105646,0.012455532000000002
makeEncFile-30-10mb,1153.0,3.117,0.429,0.428,0.00111,4.8138948,4.802673599999999,0.012455532000000002
makeEncFile-30-10mb,1106.0,3.117,0.412,0.411,0.00111,4.6231344,4.6119132,0.012455532000000002
makeEncFile-30-10mb,1141.0,3.117,0.416,0.415,0.00111,4.6680192,4.656798,0.012455532000000002
makeEncFile-30-10mb,1161.0,3.117,0.499,0.498,0.00111,5.5993788,5.5881576,0.012455532000000002
makeEncFile-30-10mb,1103.0,3.117,0.47,0.469,0.00111,5.273963999999999,5.2627428,0.012455532000000002
makeEncFile-30-10mb,1141.0,3.117,0.395,0.394,0.00111,4.432374,4.421152800000001,0.012455532000000002
makeEncFile-30-10mb,1141.0,3.117,0.435,0.434,0.00111,4.881222,4.8700008,0.012455532000000002
makeEncFile-30-10mb,1147.0,3.117,0.405,0.404,0.00111,4.544586000000001,4.5333648,0.012455532000000002
makeEncFile-30-10mb,1266.0,3.117,0.42,0.419,0.00111,4.712904,4.7016827999999995,0.012455532000000002
makeEncFile-30-10mb,1401.0,3.117,0.443,0.442,0.00111,4.9709916,4.9597704,0.012455532000000002
makeFile-50-20mb,12489.0,3.249,0.672,0.671,0.00167,7.859980800000001,7.848284400000002,0.019532988
makeFile-50-20mb,12027.0,3.249,0.6,0.598,0.0016,7.0178400000000005,6.994447200000001,0.018714240000000004
makeFile-50-20mb,12852.0,3.249,0.581,0.579,0.0016,6.795608400000001,6.7722156,0.018714240000000004
makeFile-50-20mb,12770.0,3.249,0.582,0.58,0.00167,6.807304799999999,6.783912000000001,0.019532988
makeFile-50-20mb,12579.0,3.249,0.617,0.616,0.0016,7.2166788,7.2049824000000005,0.018714240000000004
makeFile-50-20mb,13970.0,3.337,0.661,0.659,0.00142,7.940725200000002,7.916698800000002,0.017058744
makeFile-50-20mb,12145.0,3.337,0.611,0.609,0.00179,7.3400652000000015,7.316038800000001,0.021503628
makeFile-50-20mb,3837.0,3.293,0.743,0.742,0.00111,8.8081164,8.796261600000001,0.013158828000000003
makeFile-50-20mb,4261.0,3.293,0.749,0.748,0.00111,8.879245200000002,8.867390400000001,0.013158828000000003
makeFile-50-20mb,11004.0,3.337,0.67,0.669,0.00167,8.048844000000003,8.036830800000002,0.020062044
makeFile-50-20mb,4922.0,3.293,0.719,0.718,0.00111,8.5236012,8.5117464,0.013158828000000003
makeFile-50-20mb,14972.0,3.293,0.636,0.634,0.0016,7.539652800000001,7.515943200000001,0.01896768
makeFile-50-20mb,4646.0,3.293,0.647,0.646,0.00111,7.670055600000001,7.6582008,0.013158828000000003
makeFile-50-20mb,4788.0,3.293,0.724,0.723,0.00111,8.5828752,8.5710204,0.013158828000000003
makeFile-50-20mb,10866.0,3.293,0.639,0.637,0.00167,7.575217200000001,7.551507600000001,0.019797516
makeFile-50-20mb,10745.0,3.293,0.642,0.64,0.0016,7.6107816,7.587072000000001,0.01896768
makeFile-50-20mb,12794.0,3.293,0.617,0.615,0.0016,7.314411600000001,7.2907020000000005,0.01896768
makeFile-50-20mb,11236.0,3.293,0.659,0.658,0.00167,7.812313200000001,7.800458400000001,0.019797516
makeFile-50-20mb,11018.0,3.293,0.642,0.64,0.0016,7.6107816,7.587072000000001,0.01896768
makeFile-50-20mb,11848.0,3.293,0.607,0.605,0.00167,7.1958636,7.172154,0.019797516
makeFile-50-20mb,11550.0,3.293,0.647,0.645,0.0016,7.670055600000001,7.646346,0.01896768
makeFile-50-20mb,11254.0,3.293,0.671,0.669,0.00167,7.954570800000002,7.930861200000002,0.019797516
makeFile-50-20mb,11703.0,3.293,0.621,0.619,0.0016,7.361830800000001,7.338121200000001,0.01896768
makeFile-50-20mb,11691.0,3.293,0.606,0.604,0.00167,7.1840088,7.1602992,0.019797516
makeFile-50-20mb,4348.0,3.337,0.726,0.725,0.00111,8.7215832,8.70957,0.013334652000000002
makeFile-50-20mb,11317.0,3.293,0.622,0.62,0.0016,7.3736856,7.349976000000001,0.01896768
makeFile-50-20mb,4277.0,3.249,0.738,0.737,0.00111,8.6319432,8.6202468,0.012983004000000001
makeFile-50-20mb,9207.0,3.337,0.617,0.615,0.00167,7.412144400000001,7.388118,0.020062044
makeFile-50-20mb,9933.0,3.249,0.615,0.614,0.0016,7.1932860000000005,7.1815896,0.018714240000000004
makeFile-50-20mb,12126.0,3.249,0.632,0.63,0.00167,7.3921247999999995,7.368732000000001,0.019532988
makeFile-10-10mb,627.0,2.145,0.449,0.448,0.00111,3.467178,3.459456,0.008571420000000001
makeFile-10-10mb,738.0,2.145,0.443,0.442,0.00111,3.420846,3.413124,0.008571420000000001
makeFile-10-10mb,580.0,2.145,0.409,0.408,0.00111,3.158298,3.1505759999999996,0.008571420000000001
makeFile-10-10mb,636.0,2.145,0.431,0.43,0.00111,3.3281820000000004,3.32046,0.008571420000000001
makeFile-10-10mb,632.0,2.145,0.454,0.452,0.00111,3.5057880000000003,3.490344,0.008571420000000001
makeFile-10-10mb,603.0,2.145,0.484,0.483,0.00111,3.737448,3.729726,0.008571420000000001
makeFile-10-10mb,744.0,2.145,0.399,0.398,0.00111,3.081078,3.073356,0.008571420000000001
makeFile-10-10mb,542.0,2.145,0.455,0.454,0.00111,3.51351,3.5057880000000003,0.008571420000000001
makeFile-10-10mb,599.0,2.145,0.406,0.405,0.00111,3.1351320000000005,3.1274100000000002,0.008571420000000001
makeFile-10-10mb,624.0,2.145,0.414,0.413,0.00111,3.196908,3.189186,0.008571420000000001
makeFile-10-10mb,711.0,2.145,0.425,0.424,0.00111,3.28185,3.274128,0.008571420000000001
makeFile-10-10mb,646.0,2.145,0.434,0.433,0.00111,3.351348,3.343626,0.008571420000000001
makeFile-10-10mb,613.0,2.145,0.422,0.421,0.00111,3.2586839999999997,3.2509620000000004,0.008571420000000001
makeFile-10-10mb,739.0,2.145,0.416,0.414,0.00111,3.212352,3.196908,0.008571420000000001
makeFile-10-10mb,622.0,2.145,0.243,0.242,0.00111,1.876446,1.868724,0.008571420000000001
makeFile-10-10mb,576.0,2.145,0.392,0.391,0.00111,3.027024,3.0193020000000006,0.008571420000000001
makeFile-10-10mb,627.0,2.145,0.404,0.403,0.00111,3.1196880000000005,3.1119660000000002,0.008571420000000001
makeFile-10-10mb,595.0,2.145,0.423,0.422,0.00111,3.266406,3.2586839999999997,0.008571420000000001
makeFile-10-10mb,630.0,2.145,0.42,0.419,0.00111,3.24324,3.235518,0.008571420000000001
makeFile-10-10mb,685.0,2.145,0.442,0.441,0.00111,3.413124,3.4054020000000005,0.008571420000000001
makeFile-10-10mb,638.0,2.145,0.461,0.46,0.00111,3.5598420000000006,3.5521200000000004,0.008571420000000001
makeFile-10-10mb,767.0,2.145,0.428,0.426,0.00111,3.3050159999999997,3.289572,0.008571420000000001
makeFile-10-10mb,614.0,2.145,0.405,0.404,0.00111,3.1274100000000002,3.1196880000000005,0.008571420000000001
makeFile-10-10mb,581.0,2.145,0.421,0.42,0.00111,3.2509620000000004,3.24324,0.008571420000000001
makeFile-10-10mb,608.0,2.145,0.422,0.421,0.00111,3.2586839999999997,3.2509620000000004,0.008571420000000001
makeFile-10-10mb,812.0,2.145,0.399,0.398,0.00111,3.081078,3.073356,0.008571420000000001
makeFile-10-10mb,832.0,2.145,0.437,0.436,0.000987,3.374514,3.3667920000000002,0.0076216140000000005
makeFile-10-10mb,573.0,2.145,0.411,0.41,0.00136,3.1737420000000003,3.16602,0.01050192
makeFile-10-10mb,557.0,2.145,0.429,0.428,0.00111,3.312738,3.3050159999999997,0.008571420000000001
makeFile-10-10mb,686.0,2.145,0.41,0.409,0.00111,3.16602,3.158298,0.008571420000000001
makeEncFile-30-30mb,3043.0,1.653,0.774,0.773,0.00111,4.6059192,4.5999684,0.006605388000000001
makeEncFile-30-30mb,3110.0,1.653,0.755,0.754,0.00111,4.492854,4.4869031999999995,0.006605388000000001
makeEncFile-30-30mb,3279.0,1.653,0.737,0.736,0.00111,4.3857396,4.3797888,0.006605388000000001
makeEncFile-30-30mb,3383.0,1.653,0.709,0.708,0.00111,4.2191172,4.2131664,0.006605388000000001
makeEncFile-30-30mb,4293.0,1.698,0.758,0.757,0.00111,4.6335024,4.6273896,0.006785208000000001
makeEncFile-30-30mb,3291.0,1.653,0.715,0.714,0.00111,4.254822,4.2488712,0.006605388000000001
makeEncFile-30-30mb,3260.0,1.653,0.725,0.724,0.00111,4.31433,4.3083792,0.006605388000000001
makeEncFile-30-30mb,3398.0,1.698,0.677,0.676,0.00111,4.1383656,4.1322528,0.006785208000000001
makeEncFile-30-30mb,3709.0,1.653,0.701,0.7,0.00123,4.1715108,4.16556,0.007319483999999999
makeEncFile-30-30mb,3619.0,1.653,0.692,0.691,0.00111,4.1179536,4.1120028,0.006605388000000001
makeEncFile-30-30mb,3244.0,1.653,0.74,0.739,0.00111,4.403592000000001,4.3976412,0.006605388000000001
makeEncFile-30-30mb,3309.0,1.698,0.695,0.694,0.00111,4.248396,4.242283199999999,0.006785208000000001
makeEncFile-30-30mb,3222.0,1.653,0.714,0.713,0.00111,4.2488712,4.2429204,0.006605388000000001
makeEncFile-30-30mb,3083.0,1.653,0.747,0.746,0.00111,4.4452476,4.4392968,0.006605388000000001
makeEncFile-30-30mb,3550.0,1.653,0.746,0.745,0.00111,4.4392968,4.433346,0.006605388000000001
makeEncFile-30-30mb,3182.0,1.653,0.69,0.689,0.00111,4.106052,4.1001012,0.006605388000000001
makeEncFile-30-30mb,3199.0,1.653,0.685,0.684,0.00111,4.076298,4.0703472000000005,0.006605388000000001
makeEncFile-30-30mb,3098.0,1.653,0.724,0.722,0.00111,4.3083792,4.2964776,0.006605388000000001
makeEncFile-30-30mb,3368.0,1.653,0.703,0.702,0.00111,4.1834124,4.1774616,0.006605388000000001
makeEncFile-30-30mb,3677.0,1.698,0.74,0.739,0.00111,4.523472,4.5173592000000005,0.006785208000000001
makeEncFile-30-30mb,3228.0,1.609,0.703,0.702,0.00111,4.0720572,4.0662648,0.0064295640000000005
makeEncFile-30-30mb,3861.0,1.609,0.674,0.673,0.00111,3.9040776,3.8982852,0.0064295640000000005
makeEncFile-30-30mb,10951.0,1.609,0.667,0.666,0.0016,3.8635308000000004,3.8577384,0.009267840000000001
makeEncFile-30-30mb,3956.0,1.653,0.781,0.78,0.00111,4.647574800000001,4.641624,0.006605388000000001
makeEncFile-30-30mb,10556.0,1.609,0.673,0.671,0.0016,3.8982852,3.8867004000000005,0.009267840000000001
makeEncFile-30-30mb,3314.0,1.653,0.744,0.743,0.000864,4.4273952,4.4214443999999995,0.005141491200000001
makeEncFile-30-30mb,3424.0,1.653,0.664,0.663,0.0013,3.9513312000000003,3.9453804,0.0077360400000000005
makeEncFile-30-30mb,2943.0,1.653,1.43,1.43,0.00191,8.509644,8.509644,0.011366028
makeFile-30-10mb,1134.0,3.029,0.41,0.409,0.00111,4.470804,4.4598996,0.012103884
makeFile-30-10mb,1306.0,3.073,0.421,0.42,0.00111,4.6574388,4.646376,0.012279708
makeFile-30-10mb,1110.0,3.073,0.458,0.456,0.00111,5.0667624,5.0446368,0.012279708
makeFile-30-10mb,1115.0,3.073,0.446,0.445,0.00111,4.9340088,4.9229460000000005,0.012279708
makeFile-30-10mb,1091.0,3.073,0.453,0.452,0.00111,5.0114484,5.0003855999999995,0.012279708
makeFile-30-10mb,1104.0,3.073,0.419,0.418,0.00111,4.6353132,4.624250399999999,0.012279708
makeFile-30-10mb,1098.0,3.073,0.437,0.436,0.00111,4.834443599999999,4.823380800000001,0.012279708
makeFile-30-10mb,1108.0,3.073,0.401,0.4,0.00111,4.436182800000001,4.425120000000001,0.012279708
makeFile-30-10mb,1136.0,3.073,0.503,0.502,0.00111,5.5645884,5.5535256,0.012279708
makeFile-30-10mb,1110.0,3.073,0.42,0.419,0.00111,4.646376,4.6353132,0.012279708
makeFile-30-10mb,1082.0,3.073,0.413,0.412,0.00111,4.568936399999999,4.5578736,0.012279708
makeFile-30-10mb,1117.0,3.073,0.412,0.411,0.00111,4.5578736,4.5468108,0.012279708
makeFile-30-10mb,1079.0,3.073,0.435,0.434,0.00111,4.812318,4.8012552,0.012279708
makeFile-30-10mb,1108.0,3.073,0.447,0.446,0.00111,4.9450715999999995,4.9340088,0.012279708
makeFile-30-10mb,1088.0,3.073,0.399,0.398,0.00111,4.4140572,4.4029944,0.012279708
makeFile-30-10mb,1104.0,3.073,0.451,0.45,0.00111,4.9893228,4.978260000000001,0.012279708
makeFile-30-10mb,1095.0,3.073,0.424,0.423,0.00111,4.6906272,4.679564399999999,0.012279708
makeFile-30-10mb,1095.0,3.073,0.452,0.451,0.00111,5.0003855999999995,4.9893228,0.012279708
makeFile-30-10mb,1103.0,3.073,0.434,0.433,0.00111,4.8012552,4.7901924,0.012279708
makeFile-30-10mb,1115.0,3.073,0.453,0.451,0.00111,5.0114484,4.9893228,0.012279708
makeFile-30-10mb,1111.0,3.073,0.42,0.419,0.00111,4.646376,4.6353132,0.012279708
makeFile-30-10mb,1098.0,3.073,0.443,0.442,0.00111,4.9008204,4.889757599999999,0.012279708
makeFile-30-10mb,1095.0,3.073,0.488,0.487,0.00111,5.3986464,5.3875836,0.012279708
makeFile-30-10mb,1124.0,3.073,0.472,0.471,0.00111,5.2216416,5.2105787999999995,0.012279708
makeFile-30-10mb,1057.0,3.029,0.396,0.395,0.00111,4.3181424,4.307238,0.012103884
makeFile-30-10mb,1168.0,3.029,0.343,0.342,0.00111,3.7402092000000002,3.7293048,0.012103884
makeFile-30-10mb,1199.0,3.073,0.477,0.476,0.00111,5.2769556,5.2658928,0.012279708
makeFile-30-10mb,1131.0,3.029,0.469,0.468,0.00111,5.1141635999999995,5.1032592,0.012103884
makeFile-30-10mb,1113.0,3.029,0.404,0.403,0.00111,4.4053776000000004,4.3944732,0.012103884
makeFile-30-10mb,1086.0,3.073,0.419,0.418,0.00111,4.6353132,4.624250399999999,0.012279708
makeEncFile-30-20mb,2500.0,2.898,0.545,0.544,0.00111,5.685876,5.675443200000001,0.011580408000000002
makeEncFile-30-20mb,2710.0,2.898,0.481,0.48,0.00111,5.0181768,5.007744,0.011580408000000002
makeEncFile-30-20mb,3045.0,2.898,0.483,0.482,0.00111,5.0390424,5.0286096,0.011580408000000002
makeEncFile-30-20mb,1885.0,2.898,0.61,0.609,0.00136,6.364008000000001,6.353575200000001,0.014188608000000002
makeEncFile-30-20mb,2217.0,2.898,0.504,0.503,0.00111,5.2581312,5.2476984,0.011580408000000002
makeEncFile-30-20mb,1970.0,2.898,0.505,0.504,0.00111,5.2685640000000005,5.2581312,0.011580408000000002
makeEncFile-30-20mb,2360.0,2.898,0.526,0.525,0.000864,5.487652800000001,5.477220000000001,0.009013939200000001
makeEncFile-30-20mb,3248.0,2.898,0.643,0.642,0.00111,6.7082904,6.6978576,0.011580408000000002
makeEncFile-30-20mb,2031.0,2.898,0.52,0.519,0.00111,5.4250560000000005,5.4146232,0.011580408000000002
makeEncFile-30-20mb,2456.0,2.898,0.503,0.502,0.00111,5.2476984,5.237265600000001,0.011580408000000002
makeEncFile-30-20mb,2823.0,2.9410000000000003,0.49,0.489,0.00111,5.187924000000001,5.177336400000001,0.011752236000000003
makeEncFile-30-20mb,2298.0,2.854,0.486,0.485,0.00111,4.9933584,4.983084,0.011404584000000002
makeEncFile-30-20mb,2486.0,2.854,0.517,0.516,0.00111,5.3118648,5.3015904,0.011404584000000002
makeEncFile-30-20mb,2077.0,2.898,0.528,0.527,0.00111,5.508518400000001,5.4980856000000005,0.011580408000000002
makeEncFile-30-20mb,2405.0,2.854,0.497,0.496,0.00111,5.1063768000000005,5.0961024,0.011404584000000002
makeEncFile-30-20mb,1925.0,2.898,0.565,0.564,0.00111,5.894532,5.8840992,0.011580408000000002
makeEncFile-30-20mb,2001.0,2.854,0.496,0.495,0.00111,5.0961024,5.085828,0.011404584000000002
makeEncFile-30-20mb,2906.0,2.898,0.479,0.478,0.00111,4.9973112,4.9868784,0.011580408000000002
makeEncFile-30-20mb,2192.0,2.898,0.536,0.535,0.00111,5.591980800000001,5.581548000000001,0.011580408000000002
makeEncFile-30-20mb,1965.0,2.898,0.611,0.61,0.00111,6.374440800000001,6.364008000000001,0.011580408000000002
makeEncFile-30-20mb,1968.0,2.898,0.536,0.535,0.00111,5.591980800000001,5.581548000000001,0.011580408000000002
makeEncFile-30-20mb,1970.0,2.898,0.554,0.553,0.00111,5.779771200000001,5.7693384000000005,0.011580408000000002
makeEncFile-30-20mb,2262.0,2.898,0.523,0.522,0.00111,5.4563544,5.445921600000001,0.011580408000000002
makeEncFile-30-20mb,1881.0,2.898,0.566,0.565,0.00111,5.9049648,5.894532,0.011580408000000002
makeEncFile-30-20mb,1868.0,2.898,0.589,0.588,0.00111,6.1449192,6.1344864,0.011580408000000002
makeEncFile-30-20mb,1944.0,2.898,0.551,0.55,0.00111,5.748472800000001,5.738040000000001,0.011580408000000002
makeEncFile-30-20mb,2156.0,2.898,0.484,0.483,0.00111,5.0494752,5.0390424,0.011580408000000002
makeEncFile-30-20mb,1913.0,2.898,0.543,0.542,0.00111,5.665010400000001,5.654577600000001,0.011580408000000002
makeEncFile-30-20mb,2164.0,2.898,0.539,0.538,0.00111,5.623279200000001,5.6128464000000005,0.011580408000000002
makeEncFile-30-20mb,1977.0,2.898,0.598,0.597,0.00111,6.238814400000001,6.2283816000000005,0.011580408000000002
makeFile-30-20mb,1954.0,2.985,0.562,0.561,0.00111,6.039252,6.028506,0.01192806
makeFile-30-20mb,1810.0,2.985,0.613,0.612,0.00111,6.587298,6.5765519999999995,0.01192806
makeFile-30-20mb,1875.0,2.985,0.535,0.534,0.00111,5.74911,5.738364,0.01192806
makeFile-30-20mb,2554.0,2.985,0.548,0.547,0.00111,5.888808,5.878062000000001,0.01192806
makeFile-30-20mb,2037.0,2.985,0.556,0.555,0.00111,5.974776,5.96403,0.01192806
makeFile-30-20mb,2084.0,2.985,0.544,0.543,0.00111,5.845824,5.835078,0.01192806
makeFile-30-20mb,2165.0,2.985,0.523,0.522,0.00111,5.620158,5.609412000000001,0.01192806
makeFile-30-20mb,3401.0,2.985,0.633,0.632,0.00111,6.802218,6.791472,0.01192806
makeFile-30-20mb,2929.0,2.985,0.55,0.549,0.00111,5.9103,5.899554,0.01192806
makeFile-30-20mb,2244.0,2.985,0.6,0.599,0.00111,6.4476,6.436854,0.01192806
makeFile-30-20mb,1855.0,2.985,0.563,0.562,0.00111,6.049997999999999,6.039252,0.01192806
makeFile-30-20mb,1830.0,3.029,0.602,0.601,0.00123,6.564448799999999,6.553544400000001,0.013412411999999999
makeFile-30-20mb,2003.0,2.985,0.346,0.345,0.000802,3.7181159999999998,3.7073699999999996,0.008618292
makeFile-30-20mb,2890.0,2.985,0.541,0.54,0.00111,5.813586000000001,5.802840000000001,0.01192806
makeFile-30-20mb,1825.0,3.029,0.639,0.638,0.00111,6.967911600000001,6.9570072000000005,0.012103884
makeFile-30-20mb,1869.0,2.985,0.57,0.569,0.00111,6.12522,6.1144739999999995,0.01192806
makeFile-30-20mb,2167.0,2.985,0.537,0.536,0.00111,5.770602,5.759856,0.01192806
makeFile-30-20mb,1868.0,2.985,0.538,0.537,0.00111,5.781348,5.770602,0.01192806
makeFile-30-20mb,2069.0,3.029,0.538,0.537,0.00111,5.8665672,5.8556628,0.012103884
makeFile-30-20mb,2777.0,2.985,0.574,0.573,0.00111,6.168203999999999,6.157457999999999,0.01192806
makeFile-30-20mb,2181.0,2.985,0.55,0.549,0.00111,5.9103,5.899554,0.01192806
makeFile-30-20mb,2714.0,2.985,0.579,0.578,0.00111,6.221934,6.211188,0.01192806
makeFile-30-20mb,2509.0,2.985,0.524,0.523,0.00111,5.630904,5.620158,0.01192806
makeFile-30-20mb,1814.0,2.985,0.507,0.506,0.00111,5.448222,5.437476,0.01192806
makeFile-30-20mb,2628.0,3.029,0.563,0.562,0.00111,6.139177199999999,6.1282728,0.012103884
makeFile-30-20mb,1795.0,2.985,0.547,0.546,0.00111,5.878062000000001,5.867316000000001,0.01192806
makeFile-30-20mb,1859.0,2.985,0.593,0.591,0.00111,6.372377999999999,6.350886,0.01192806
makeFile-30-20mb,1810.0,2.985,0.531,0.53,0.00111,5.706126,5.69538,0.01192806
makeFile-30-20mb,1833.0,2.985,0.564,0.563,0.00111,6.060743999999999,6.049997999999999,0.01192806
makeFile-30-20mb,2012.0,2.985,0.533,0.532,0.00111,5.727618,5.716872,0.01192806
makeFile-10-20mb,820.0,2.592,0.492,0.491,0.00111,4.5909504000000005,4.5816192000000004,0.010357632000000002
makeFile-10-20mb,947.0,2.592,0.508,0.507,0.00111,4.7402496,4.7309184,0.010357632000000002
makeFile-10-20mb,852.0,2.592,0.25,0.249,0.00111,2.3328,2.3234688,0.010357632000000002
makeFile-10-20mb,814.0,2.592,0.316,0.315,0.00111,2.9486592,2.9393280000000006,0.010357632000000002
makeFile-10-20mb,880.0,2.592,0.453,0.452,0.00111,4.2270336,4.2177024,0.010357632000000002
makeFile-10-20mb,837.0,2.592,0.427,0.426,0.00111,3.9844223999999997,3.9750912000000005,0.010357632000000002
makeFile-10-20mb,1118.0,2.592,0.466,0.465,0.00111,4.348339200000001,4.339008000000001,0.010357632000000002
makeFile-10-20mb,1089.0,2.592,0.473,0.472,0.00111,4.4136576,4.4043264,0.010357632000000002
makeFile-10-20mb,845.0,2.592,0.247,0.245,0.00111,2.3048064,2.286144,0.010357632000000002
makeFile-10-20mb,830.0,2.592,0.248,0.247,0.00111,2.3141376,2.3048064,0.010357632000000002
makeFile-10-20mb,870.0,2.592,0.482,0.481,0.00111,4.4976384000000005,4.4883072,0.010357632000000002
makeFile-10-20mb,1120.0,2.592,0.767,0.766,0.00111,7.157030400000001,7.1476992,0.010357632000000002
makeFile-10-20mb,983.0,2.592,0.421,0.419,0.00111,3.9284352000000005,3.9097728,0.010357632000000002
makeFile-10-20mb,838.0,2.592,0.249,0.248,0.00111,2.3234688,2.3141376,0.010357632000000002
makeFile-10-20mb,821.0,2.592,0.431,0.43,0.00111,4.0217472,4.012416,0.010357632000000002
makeFile-10-20mb,789.0,2.592,0.433,0.431,0.00111,4.0404096,4.0217472,0.010357632000000002
makeFile-10-20mb,830.0,2.592,0.432,0.431,0.00111,4.0310784,4.0217472,0.010357632000000002
makeFile-10-20mb,1552.0,2.592,0.828,0.827,0.00136,7.7262336,7.7169023999999995,0.012690432000000001
makeFile-10-20mb,814.0,2.592,0.423,0.422,0.00111,3.9470975999999998,3.9377663999999997,0.010357632000000002
makeFile-10-20mb,1139.0,2.592,0.512,0.511,0.00111,4.777574400000001,4.768243200000001,0.010357632000000002
makeFile-10-20mb,886.0,2.592,0.372,0.371,0.00111,3.4712064,3.4618752000000006,0.010357632000000002
makeFile-10-20mb,1414.0,2.592,0.542,0.541,0.00111,5.057510400000001,5.048179200000001,0.010357632000000002
makeFile-10-20mb,872.0,2.592,0.456,0.455,0.00111,4.255027200000001,4.245696000000001,0.010357632000000002
makeFile-50-10mb,1902.0,2.369,0.558,0.557,0.00111,4.758847200000002,4.750318800000001,0.009466524000000002
makeFile-50-10mb,1705.0,2.369,0.595,0.594,0.00111,5.074398,5.0658696,0.009466524000000002
makeFile-50-10mb,1652.0,2.4130000000000003,0.533,0.532,0.00111,4.630064400000001,4.621377600000001,0.009642348000000002
makeFile-50-10mb,1651.0,2.369,0.543,0.542,0.00111,4.6309212,4.622392800000001,0.009466524000000002
makeFile-50-10mb,2185.0,2.369,0.547,0.546,0.00111,4.665034800000001,4.656506400000001,0.009466524000000002
makeFile-50-10mb,1621.0,2.369,0.527,0.526,0.00111,4.4944668000000005,4.485938400000001,0.009466524000000002
makeFile-50-10mb,1648.0,2.369,0.505,0.504,0.00111,4.3068420000000005,4.2983136,0.009466524000000002
makeFile-50-10mb,1728.0,2.369,0.503,0.501,0.00111,4.289785200000001,4.272728400000001,0.009466524000000002
makeFile-50-10mb,2306.0,2.4130000000000003,0.558,0.557,0.00111,4.847234400000001,4.838547600000001,0.009642348000000002
makeFile-50-10mb,1687.0,2.369,0.601,0.6,0.00111,5.125568400000001,5.117040000000001,0.009466524000000002
makeFile-50-10mb,1786.0,2.369,0.53,0.529,0.00111,4.520052000000001,4.5115236,0.009466524000000002
makeFile-50-10mb,1775.0,2.369,0.574,0.573,0.00111,4.8953016,4.8867731999999995,0.009466524000000002
makeFile-50-10mb,1691.0,2.369,0.598,0.597,0.00111,5.0999832000000005,5.0914548,0.009466524000000002
makeFile-50-10mb,1706.0,2.369,0.575,0.574,0.00111,4.90383,4.8953016,0.009466524000000002
makeFile-50-10mb,1937.0,2.4130000000000003,0.563,0.562,0.00111,4.8906684,4.8819816000000005,0.009642348000000002
makeFile-50-10mb,1659.0,2.369,0.542,0.541,0.00111,4.622392800000001,4.613864400000001,0.009466524000000002
makeFile-50-10mb,1956.0,2.369,0.558,0.556,0.00111,4.758847200000002,4.741790400000001,0.009466524000000002
makeFile-50-10mb,1594.0,2.4130000000000003,0.519,0.518,0.00111,4.5084492,4.499762400000001,0.009642348000000002
makeFile-50-10mb,1816.0,2.369,0.413,0.411,0.00111,3.5222292,3.5051724,0.009466524000000002
makeFile-50-10mb,2047.0,2.369,0.516,0.515,0.00111,4.4006544000000005,4.392126,0.009466524000000002
makeFile-50-10mb,1660.0,2.369,0.565,0.564,0.00111,4.8185459999999996,4.8100176,0.009466524000000002
makeFile-50-10mb,2143.0,2.369,0.549,0.548,0.00111,4.682091600000001,4.6735632,0.009466524000000002
makeFile-50-10mb,1730.0,2.369,0.557,0.556,0.00111,4.750318800000001,4.741790400000001,0.009466524000000002
makeFile-50-10mb,1687.0,2.369,0.537,0.536,0.00111,4.579750800000001,4.571222400000001,0.009466524000000002
makeFile-50-10mb,1737.0,2.369,0.545,0.544,0.00111,4.647978000000001,4.639449600000001,0.009466524000000002
makeFile-50-10mb,1705.0,2.369,0.549,0.548,0.00111,4.682091600000001,4.6735632,0.009466524000000002
makeFile-50-10mb,1681.0,2.369,0.494,0.493,0.00111,4.2130296000000005,4.2045012,0.009466524000000002
makeFile-50-10mb,1788.0,2.369,0.558,0.557,0.00111,4.758847200000002,4.750318800000001,0.009466524000000002
makeFile-50-10mb,1810.0,2.369,0.608,0.607,0.00111,5.185267200000001,5.176738800000001,0.009466524000000002
makeEncFile-50-20mb,4730.0,3.161,0.703,0.702,0.00111,7.999858799999999,7.9884792000000004,0.012631356000000002
makeEncFile-50-20mb,3646.0,3.161,0.677,0.676,0.00111,7.7039892000000005,7.692609600000001,0.012631356000000002
makeEncFile-50-20mb,4022.0,3.161,0.694,0.693,0.00111,7.897442399999999,7.8860627999999995,0.012631356000000002
makeEncFile-50-20mb,4378.0,3.161,0.643,0.642,0.00111,7.3170828,7.3057032,0.012631356000000002
makeEncFile-50-20mb,3831.0,3.161,0.628,0.626,0.00111,7.1463888,7.1236296,0.012631356000000002
makeEncFile-50-20mb,3706.0,3.161,0.675,0.673,0.00111,7.68123,7.6584708,0.012631356000000002
makeEncFile-50-20mb,3708.0,3.161,0.726,0.725,0.00111,8.2615896,8.25021,0.012631356000000002
makeEncFile-50-20mb,3589.0,3.161,0.729,0.728,0.00111,8.2957284,8.2843488,0.012631356000000002
makeEncFile-50-20mb,3673.0,3.161,0.661,0.66,0.00111,7.521915600000002,7.510536000000001,0.012631356000000002
makeEncFile-50-20mb,4521.0,3.161,0.685,0.684,0.00111,7.795026000000001,7.7836464,0.012631356000000002
makeEncFile-50-20mb,3669.0,3.161,0.685,0.684,0.00111,7.795026000000001,7.7836464,0.012631356000000002
makeEncFile-50-20mb,3799.0,3.161,0.689,0.688,0.00111,7.8405444,7.8291648,0.012631356000000002
makeEncFile-50-20mb,11339.0,3.117,0.531,0.53,0.0016,5.958457200000001,5.947236,0.01795392
makeEncFile-50-20mb,981.0,3.117,0.403,0.402,0.00111,4.522143600000001,4.5109224,0.012455532000000002
makeEncFile-50-20mb,974.0,3.117,0.393,0.392,0.00111,4.4099316,4.3987104,0.012455532000000002
makeEncFile-50-20mb,979.0,3.117,0.407,0.406,0.000864,4.5670284,4.5558072,0.0096951168
makeEncFile-50-20mb,1191.0,3.117,0.431,0.429,0.00136,4.8363372,4.8138948,0.015260832
makeEncFile-50-20mb,3700.0,3.205,0.746,0.745,0.00111,8.607348,8.59581,0.012807180000000001
makeEncFile-50-20mb,4242.0,3.205,0.676,0.675,0.00111,7.799688000000001,7.788150000000001,0.012807180000000001
makeEncFile-50-20mb,3689.0,3.161,0.676,0.675,0.00111,7.692609600000001,7.68123,0.012631356000000002
makeEncFile-50-20mb,3796.0,3.161,0.689,0.688,0.00111,7.8405444,7.8291648,0.012631356000000002
makeEncFile-50-20mb,3700.0,3.161,0.694,0.693,0.00111,7.897442399999999,7.8860627999999995,0.012631356000000002
makeEncFile-50-20mb,3359.0,3.161,0.746,0.745,0.00111,8.4891816,8.477802,0.012631356000000002
makeEncFile-50-20mb,3494.0,3.161,0.709,0.708,0.00111,8.0681364,8.0567568,0.012631356000000002
makeEncFile-50-20mb,4756.0,3.205,0.711,0.71,0.00117,8.203518,8.191980000000001,0.013499460000000001
makeEncFile-50-20mb,3804.0,3.161,0.698,0.697,0.00111,7.9429608,7.9315812,0.012631356000000002
makeEncFile-50-20mb,4358.0,3.161,0.698,0.697,0.00111,7.9429608,7.9315812,0.012631356000000002
makeEncFile-50-20mb,4660.0,3.161,0.664,0.663,0.00111,7.556054400000001,7.5446748,0.012631356000000002
makeEncFile-50-20mb,3271.0,3.161,0.69,0.689,0.00111,7.851924,7.8405444,0.012631356000000002
makeEncFile-50-20mb,3579.0,3.161,0.649,0.648,0.00111,7.385360400000001,7.373980800000001,0.012631356000000002
makeEncFile-50-10mb,1637.0,2.369,0.612,0.611,0.00111,5.2193808,5.210852400000001,0.009466524000000002
makeEncFile-50-10mb,2086.0,2.369,0.547,0.546,0.00111,4.665034800000001,4.656506400000001,0.009466524000000002
makeEncFile-50-10mb,1685.0,2.369,0.531,0.53,0.00111,4.528580400000001,4.520052000000001,0.009466524000000002
makeEncFile-50-10mb,1851.0,2.4130000000000003,0.519,0.518,0.00111,4.5084492,4.499762400000001,0.009642348000000002
makeEncFile-50-10mb,2353.0,2.369,0.549,0.548,0.00111,4.682091600000001,4.6735632,0.009466524000000002
makeEncFile-50-10mb,1792.0,2.369,0.616,0.615,0.00111,5.2534944,5.244966000000001,0.009466524000000002
makeEncFile-50-10mb,1676.0,2.4130000000000003,0.54,0.538,0.00111,4.690872000000001,4.673498400000001,0.009642348000000002
makeEncFile-50-10mb,1677.0,2.369,0.55,0.549,0.00123,4.690620000000001,4.682091600000001,0.010489932
makeEncFile-50-10mb,3264.0,2.369,0.489,0.488,0.00111,4.170387600000001,4.1618592,0.009466524000000002
makeEncFile-50-10mb,1800.0,2.369,0.558,0.557,0.00111,4.758847200000002,4.750318800000001,0.009466524000000002
makeEncFile-50-10mb,1669.0,2.369,0.569,0.568,0.00111,4.852659600000001,4.8441312000000005,0.009466524000000002
makeEncFile-50-10mb,1670.0,2.369,0.615,0.614,0.00111,5.244966000000001,5.2364376,0.009466524000000002
makeEncFile-50-10mb,1650.0,2.369,0.521,0.52,0.00111,4.4432964,4.434768000000001,0.009466524000000002
makeEncFile-50-10mb,1818.0,2.369,0.548,0.547,0.00111,4.6735632,4.665034800000001,0.009466524000000002
makeEncFile-50-10mb,1668.0,2.369,0.524,0.523,0.00111,4.4688816000000005,4.4603532,0.009466524000000002
makeEncFile-50-10mb,1696.0,2.369,0.571,0.57,0.00111,4.869716400000001,4.861188,0.009466524000000002
makeEncFile-50-10mb,1713.0,2.369,0.546,0.545,0.00111,4.656506400000001,4.647978000000001,0.009466524000000002
makeEncFile-50-10mb,1670.0,2.369,0.489,0.487,0.00111,4.170387600000001,4.153330800000001,0.009466524000000002
makeEncFile-50-10mb,1667.0,2.369,0.532,0.531,0.00111,4.537108800000001,4.528580400000001,0.009466524000000002
makeEncFile-50-10mb,1695.0,2.369,0.594,0.593,0.00111,5.0658696,5.0573412,0.009466524000000002
makeEncFile-50-10mb,1669.0,2.369,0.553,0.552,0.00111,4.716205200000001,4.7076768000000015,0.009466524000000002
makeEncFile-50-10mb,1718.0,2.369,0.566,0.565,0.00111,4.8270744,4.8185459999999996,0.009466524000000002
makeEncFile-50-10mb,1913.0,2.369,0.517,0.516,0.00111,4.409182800000001,4.4006544000000005,0.009466524000000002
makeEncFile-50-10mb,2297.0,2.324,0.549,0.548,0.00111,4.5931536,4.5847872,0.009286704
makeEncFile-50-10mb,1790.0,2.324,0.552,0.551,0.00111,4.6182528000000005,4.609886400000001,0.009286704
makeEncFile-50-10mb,1721.0,2.369,0.555,0.554,0.00111,4.733262000000001,4.7247336,0.009466524000000002
makeEncFile-50-10mb,1686.0,2.324,0.577,0.576,0.00111,4.827412799999999,4.8190463999999995,0.009286704
makeEncFile-50-10mb,1896.0,2.324,0.501,0.5,0.00111,4.1915664,4.1832,0.009286704
makeEncFile-50-10mb,1717.0,2.324,0.523,0.522,0.00111,4.375627199999999,4.3672608,0.009286704
makeEncFile-10-10mb,617.0,2.19,0.452,0.451,0.00111,3.563568,3.5556840000000003,0.00875124
makeEncFile-10-10mb,656.0,2.235,0.4,0.398,0.00111,3.2184000000000004,3.202308,0.008931060000000001
makeEncFile-10-10mb,785.0,2.235,0.401,0.4,0.00111,3.226446,3.2184000000000004,0.008931060000000001
makeEncFile-10-10mb,645.0,2.235,0.435,0.434,0.00111,3.50001,3.491964,0.008931060000000001
makeEncFile-10-10mb,644.0,2.235,0.425,0.424,0.00111,3.41955,3.411504,0.008931060000000001
makeEncFile-10-10mb,619.0,2.235,0.419,0.418,0.00111,3.3712739999999997,3.3632279999999994,0.008931060000000001
makeEncFile-10-10mb,655.0,2.235,0.368,0.366,0.00123,2.960928,2.944836,0.009896579999999999
makeEncFile-10-10mb,629.0,2.235,0.439,0.438,0.00111,3.532194,3.524148,0.008931060000000001
makeEncFile-10-10mb,620.0,2.235,0.419,0.418,0.00111,3.3712739999999997,3.3632279999999994,0.008931060000000001
makeEncFile-10-10mb,643.0,2.235,0.424,0.423,0.00111,3.411504,3.4034579999999997,0.008931060000000001
makeEncFile-10-10mb,629.0,2.235,0.447,0.445,0.00111,3.5965619999999996,3.58047,0.008931060000000001
makeEncFile-10-10mb,818.0,2.235,0.406,0.404,0.00111,3.2666760000000004,3.250584,0.008931060000000001
makeEncFile-10-10mb,839.0,2.235,0.482,0.481,0.000864,3.878172,3.870126,0.006951744
makeEncFile-10-10mb,606.0,2.19,0.426,0.424,0.00136,3.358584,3.342816,0.010722240000000001
makeEncFile-10-10mb,652.0,2.19,0.381,0.38,0.00111,3.003804,2.9959200000000004,0.00875124
makeEncFile-10-10mb,598.0,2.19,0.417,0.416,0.00111,3.2876279999999998,3.279744,0.00875124
makeEncFile-10-10mb,698.0,2.19,0.411,0.41,0.00111,3.2403239999999998,3.23244,0.00875124
makeEncFile-10-10mb,779.0,2.19,0.17,0.169,0.000802,1.3402800000000001,1.3323960000000001,0.006322968
makeEncFile-10-10mb,603.0,2.19,0.29,0.289,0.00111,2.28636,2.278476,0.00875124
makeEncFile-10-10mb,665.0,2.19,0.447,0.445,0.00111,3.524148,3.5083800000000003,0.00875124
makeEncFile-10-10mb,646.0,2.19,0.485,0.484,0.00111,3.82374,3.8158559999999997,0.00875124
makeEncFile-10-10mb,706.0,2.19,0.437,0.436,0.00111,3.445308,3.437424,0.00875124
makeEncFile-10-10mb,799.0,2.19,0.452,0.451,0.00111,3.563568,3.5556840000000003,0.00875124
makeEncFile-10-10mb,652.0,2.235,0.443,0.443,0.000864,3.5643779999999996,3.5643779999999996,0.006951744
makeEncFile-10-10mb,640.0,2.19,0.456,0.455,0.00111,3.595104,3.5872200000000003,0.00875124
makeEncFile-10-10mb,623.0,2.19,0.436,0.435,0.00111,3.437424,3.4295400000000003,0.00875124
makeEncFile-10-10mb,612.0,2.19,0.41,0.409,0.00111,3.23244,3.2245559999999998,0.00875124
makeEncFile-10-10mb,801.0,2.19,0.438,0.437,0.000864,3.453192,3.445308,0.006811776
makeEncFile-10-10mb,821.0,2.19,0.466,0.464,0.00123,3.6739440000000005,3.658176,0.009697319999999999
makeFile-10-30mb,1151.0,2.503,0.492,0.491,0.00111,4.433313600000001,4.4243028,0.010001988000000002
makeFile-10-30mb,1070.0,2.503,0.529,0.528,0.00111,4.766713200000001,4.7577024,0.010001988000000002
makeFile-10-30mb,1074.0,2.503,0.492,0.491,0.00111,4.433313600000001,4.4243028,0.010001988000000002
makeFile-10-30mb,1065.0,2.503,0.504,0.503,0.00111,4.541443200000001,4.5324324,0.010001988000000002
makeFile-10-30mb,1082.0,2.503,0.476,0.475,0.00111,4.2891408,4.28013,0.010001988000000002
makeFile-10-30mb,1064.0,2.503,0.48,0.479,0.00111,4.325184,4.3161732,0.010001988000000002
makeFile-10-30mb,1437.0,2.503,0.508,0.507,0.00111,4.5774864,4.5684756,0.010001988000000002
makeFile-10-30mb,1183.0,2.503,0.548,0.547,0.00111,4.937918400000001,4.9289076000000005,0.010001988000000002
makeFile-10-30mb,1099.0,2.503,0.531,0.53,0.00111,4.784734800000001,4.775724,0.010001988000000002
makeFile-10-30mb,1111.0,2.503,0.551,0.55,0.00111,4.9649508,4.955940000000001,0.010001988000000002
makeFile-10-30mb,1144.0,2.503,0.49,0.489,0.00111,4.415292,4.4062812000000005,0.010001988000000002
makeFile-10-30mb,1607.0,2.503,0.472,0.471,0.00111,4.2530976,4.2440868,0.010001988000000002
makeFile-10-30mb,1093.0,2.503,0.523,0.522,0.00111,4.7126484,4.7036376,0.010001988000000002
makeFile-10-30mb,1139.0,2.503,0.482,0.481,0.00111,4.3432056,4.334194800000001,0.010001988000000002
makeFile-10-30mb,1115.0,2.503,0.518,0.516,0.00111,4.6675944000000005,4.6495728000000005,0.010001988000000002
makeFile-10-30mb,1479.0,2.503,0.411,0.41,0.00111,3.7034388000000003,3.6944280000000003,0.010001988000000002
makeFile-10-30mb,1072.0,2.503,0.477,0.476,0.00111,4.298151600000001,4.2891408,0.010001988000000002
makeFile-10-30mb,1093.0,2.503,0.563,0.562,0.00111,5.073080399999999,5.064069600000001,0.010001988000000002
makeFile-10-30mb,2909.0,2.503,0.47,0.469,0.00111,4.235076,4.2260652,0.010001988000000002
makeFile-10-30mb,2699.0,2.503,0.464,0.463,0.00111,4.1810112,4.1720004,0.010001988000000002
makeFile-10-30mb,1898.0,2.503,0.462,0.461,0.00111,4.1629896,4.153978800000001,0.010001988000000002
makeFile-10-30mb,3917.0,2.503,0.453,0.452,0.00111,4.0818924,4.0728816000000005,0.010001988000000002
makeFile-10-30mb,1503.0,2.503,0.487,0.486,0.00111,4.3882596000000005,4.3792488,0.010001988000000002
makeFile-10-30mb,1078.0,2.503,0.549,0.548,0.00111,4.9469292000000005,4.937918400000001,0.010001988000000002
makeFile-10-30mb,3641.0,2.503,0.491,0.489,0.00111,4.4243028,4.4062812000000005,0.010001988000000002
makeFile-10-30mb,4390.0,2.503,0.468,0.467,0.00111,4.2170544,4.2080436,0.010001988000000002
makeFile-10-30mb,2966.0,2.503,0.49,0.489,0.00111,4.415292,4.4062812000000005,0.010001988000000002
makeFile-10-30mb,3561.0,2.503,0.526,0.525,0.00111,4.7396808,4.730670000000001,0.010001988000000002
makeEncFile-10-30mb,1161.0,2.458,0.456,0.455,0.00111,4.035052800000001,4.026204000000001,0.009822168000000001
makeEncFile-10-30mb,1089.0,2.458,0.485,0.484,0.00111,4.2916680000000005,4.2828192000000005,0.009822168000000001
makeEncFile-10-30mb,1108.0,2.458,0.526,0.524,0.00173,4.654468800000001,4.636771200000001,0.015308424000000001
makeEncFile-10-30mb,1075.0,2.458,0.475,0.474,0.00111,4.203180000000001,4.1943312,0.009822168000000001
makeEncFile-10-30mb,1176.0,2.458,0.548,0.547,0.00111,4.849142400000001,4.840293600000001,0.009822168000000001
makeEncFile-10-30mb,1209.0,2.458,0.535,0.534,0.00111,4.734108000000001,4.725259200000001,0.009822168000000001
makeEncFile-10-30mb,1092.0,2.458,0.467,0.466,0.00111,4.132389600000001,4.123540800000001,0.009822168000000001
makeEncFile-10-30mb,1713.0,2.458,0.532,0.531,0.00111,4.707561600000001,4.698712800000001,0.009822168000000001
makeEncFile-10-30mb,1613.0,2.458,0.546,0.545,0.00111,4.831444800000001,4.822596000000001,0.009822168000000001
makeEncFile-10-30mb,1697.0,2.458,0.52,0.519,0.00111,4.601376000000001,4.5925272,0.009822168000000001
makeEncFile-10-30mb,1078.0,2.458,0.468,0.467,0.00111,4.141238400000001,4.132389600000001,0.009822168000000001
makeEncFile-10-30mb,1520.0,2.458,0.628,0.627,0.00111,5.557046400000001,5.548197600000001,0.009822168000000001
makeEncFile-10-30mb,1158.0,2.458,0.571,0.569,0.00111,5.0526648000000005,5.0349672000000005,0.009822168000000001
makeEncFile-10-30mb,1523.0,2.458,0.468,0.467,0.00111,4.141238400000001,4.132389600000001,0.009822168000000001
makeEncFile-10-30mb,1362.0,2.458,0.536,0.535,0.00111,4.742956800000001,4.734108000000001,0.009822168000000001
makeEncFile-10-30mb,2982.0,2.458,0.561,0.56,0.00123,4.964176800000001,4.9553280000000015,0.010884023999999999
makeEncFile-10-30mb,1428.0,2.458,0.505,0.504,0.00111,4.468644,4.4597952,0.009822168000000001
makeEncFile-10-30mb,3308.0,2.458,0.532,0.53,0.00111,4.707561600000001,4.689864000000001,0.009822168000000001
makeEncFile-10-30mb,2860.0,2.458,0.468,0.467,0.00111,4.141238400000001,4.132389600000001,0.009822168000000001
makeEncFile-10-30mb,1124.0,2.458,0.488,0.487,0.00111,4.3182144000000005,4.3093656000000005,0.009822168000000001
makeEncFile-10-30mb,1141.0,2.458,0.5,0.498,0.00111,4.4244,4.4067024,0.009822168000000001
makeEncFile-10-30mb,1132.0,2.458,0.54,0.539,0.00111,4.778352000000001,4.769503200000001,0.009822168000000001
makeEncFile-10-30mb,1117.0,2.458,0.514,0.512,0.00111,4.5482832,4.530585600000001,0.009822168000000001
makeEncFile-10-30mb,1118.0,2.458,0.558,0.557,0.000864,4.9376304000000015,4.9287816000000015,0.007645363200000001
makeEncFile-10-30mb,1118.0,2.458,0.476,0.474,0.00136,4.212028800000001,4.1943312,0.012034368000000002
makeEncFile-10-30mb,1217.0,2.458,0.495,0.494,0.00111,4.380156,4.3713072,0.009822168000000001
makeEncFile-10-30mb,1105.0,2.458,0.502,0.501,0.00111,4.4420976,4.4332488,0.009822168000000001
makeEncFile-10-30mb,1114.0,2.458,0.564,0.562,0.00111,4.9907232,4.973025600000001,0.009822168000000001
makeEncFile-10-30mb,1370.0,2.458,0.55,0.549,0.00111,4.866840000000001,4.857991200000001,0.009822168000000001
makeEncFile-10-20mb,868.0,2.547,0.296,0.295,0.00111,2.7140831999999997,2.7049140000000005,0.010177812000000001
makeEncFile-10-20mb,856.0,2.592,0.457,0.456,0.00111,4.2643584,4.255027200000001,0.010357632000000002
makeEncFile-10-20mb,858.0,2.547,0.431,0.429,0.00111,3.9519252000000002,3.9335868,0.010177812000000001
makeEncFile-10-20mb,885.0,2.547,0.448,0.446,0.00111,4.1078016,4.089463200000001,0.010177812000000001
makeEncFile-10-20mb,1008.0,2.547,0.693,0.692,0.00111,6.354255599999999,6.3450864000000005,0.010177812000000001
makeEncFile-10-20mb,840.0,2.547,0.474,0.473,0.00111,4.3462008,4.3370315999999995,0.010177812000000001
makeEncFile-10-20mb,856.0,2.547,0.281,0.28,0.00105,2.5765452000000004,2.5673760000000008,0.00962766
makeEncFile-10-20mb,848.0,2.547,0.493,0.491,0.00136,4.5204156,4.5020772000000004,0.012470112000000002
makeEncFile-10-20mb,938.0,2.592,0.519,0.517,0.00111,4.8428928,4.8242304,0.010357632000000002
makeEncFile-10-20mb,857.0,2.547,0.44,0.439,0.00111,4.034448,4.025278800000001,0.010177812000000001
makeEncFile-10-20mb,847.0,2.547,0.493,0.492,0.00111,4.5204156,4.5112464,0.010177812000000001
makeEncFile-10-20mb,848.0,2.547,0.476,0.475,0.00111,4.3645392,4.35537,0.010177812000000001
makeEncFile-10-20mb,833.0,2.547,0.425,0.424,0.00111,3.89691,3.8877408,0.010177812000000001
makeEncFile-10-20mb,822.0,2.547,0.402,0.401,0.00111,3.6860184000000005,3.676849200000001,0.010177812000000001
makeEncFile-10-20mb,852.0,2.592,0.494,0.493,0.00111,4.6096128,4.6002816,0.010357632000000002
makeEncFile-10-20mb,785.0,2.547,0.452,0.451,0.00111,4.144478400000001,4.135309200000001,0.010177812000000001
makeEncFile-10-20mb,845.0,2.547,0.408,0.407,0.00111,3.7410335999999997,3.7318643999999996,0.010177812000000001
makeEncFile-10-20mb,827.0,2.547,0.438,0.437,0.00111,4.0161096,4.0069404,0.010177812000000001
makeEncFile-10-20mb,847.0,2.547,0.451,0.45,0.00111,4.135309200000001,4.12614,0.010177812000000001
makeEncFile-10-20mb,841.0,2.547,0.47,0.469,0.00111,4.309524,4.3003548,0.010177812000000001
makeEncFile-10-20mb,859.0,2.547,0.606,0.605,0.00111,5.5565352,5.547366,0.010177812000000001
makeEncFile-10-20mb,848.0,2.547,0.468,0.467,0.00111,4.2911856,4.282016400000001,0.010177812000000001
makeEncFile-10-20mb,838.0,2.592,0.485,0.484,0.00111,4.525632,4.5163008,0.010357632000000002
makeEncFile-10-20mb,884.0,2.547,0.425,0.424,0.00111,3.89691,3.8877408,0.010177812000000001
makeEncFile-10-20mb,874.0,2.547,0.499,0.498,0.00111,4.5754308,4.5662616,0.010177812000000001
makeEncFile-10-20mb,837.0,2.547,0.434,0.433,0.00111,3.9794328,3.9702636,0.010177812000000001
makeEncFile-10-20mb,863.0,2.592,0.32,0.319,0.00111,2.9859840000000006,2.9766528,0.010357632000000002
makeEncFile-10-20mb,827.0,2.547,0.376,0.375,0.00111,3.4476192000000005,3.4384500000000005,0.010177812000000001
makeEncFile-10-20mb,820.0,2.547,0.435,0.434,0.00111,3.988602,3.9794328,0.010177812000000001
makeFile-30-30mb,4028.0,1.564,0.698,0.697,0.00111,3.9300192,3.9243888,0.006249744000000001
makeFile-30-30mb,3329.0,1.564,0.729,0.728,0.00111,4.1045616,4.0989312,0.006249744000000001
makeFile-30-30mb,3217.0,1.564,0.655,0.653,0.00111,3.6879120000000003,3.6766512000000002,0.006249744000000001
makeFile-30-30mb,3661.0,1.564,0.696,0.695,0.00111,3.9187583999999998,3.913128,0.006249744000000001
makeFile-30-30mb,3362.0,1.564,0.703,0.702,0.00111,3.9581712,3.9525408000000004,0.006249744000000001
makeFile-30-30mb,4302.0,1.609,0.698,0.697,0.00111,4.0430952,4.0373028,0.0064295640000000005
makeFile-30-30mb,3400.0,1.564,0.707,0.706,0.00111,3.9806928,3.9750624,0.006249744000000001
makeFile-30-30mb,3236.0,1.564,0.749,0.748,0.00111,4.2171696,4.211539200000001,0.006249744000000001
makeFile-30-30mb,3682.0,1.564,0.676,0.674,0.00111,3.8061504000000004,3.7948896000000003,0.006249744000000001
makeFile-30-30mb,3508.0,1.609,0.738,0.737,0.0013,4.2747912,4.2689988,0.00753012
makeFile-30-30mb,3640.0,1.564,0.669,0.668,0.00123,3.766737600000001,3.7611072000000005,0.006925392
makeFile-30-30mb,4182.0,1.564,0.669,0.668,0.00111,3.766737600000001,3.7611072000000005,0.006249744000000001
makeFile-30-30mb,3416.0,1.564,0.809,0.808,0.00111,4.5549936,4.5493632,0.006249744000000001
makeFile-30-30mb,3884.0,1.609,0.842,0.841,0.00111,4.8772008,4.8714084,0.0064295640000000005
makeFile-30-30mb,3598.0,1.564,0.76,0.759,0.0013,4.279104,4.2734736,0.00731952
makeFile-30-30mb,3728.0,1.564,0.704,0.703,0.00111,3.9638015999999996,3.9581712,0.006249744000000001
makeFile-30-30mb,4029.0,1.564,0.728,0.727,0.00111,4.0989312,4.0933008,0.006249744000000001
makeFile-30-30mb,3516.0,1.609,0.776,0.775,0.000864,4.4949024,4.48911,0.0050046336
makeFile-30-30mb,2969.0,1.564,0.669,0.668,0.00111,3.766737600000001,3.7611072000000005,0.006249744000000001
makeFile-30-30mb,3141.0,1.564,0.678,0.677,0.00111,3.8174112000000004,3.8117808000000006,0.006249744000000001
makeFile-30-30mb,3643.0,1.564,0.649,0.648,0.00111,3.6541296000000005,3.6484992000000003,0.006249744000000001
makeFile-30-30mb,3449.0,1.609,0.683,0.682,0.00111,3.9562092,3.9504168,0.0064295640000000005
makeFile-30-30mb,4529.0,1.5190000000000001,0.706,0.705,0.00111,3.8606904,3.855222,0.006069924000000001
makeFile-30-30mb,4678.0,1.5190000000000001,0.65,0.649,0.00111,3.5544600000000006,3.548991600000001,0.006069924000000001
makeFile-30-30mb,5881.0,1.5190000000000001,0.754,0.752,0.0016,4.1231736,4.112236800000001,0.00874944
makeFile-30-30mb,3384.0,1.564,0.743,0.742,0.000987,4.1833872,4.177756800000001,0.005557204800000001
makeFile-30-30mb,3374.0,1.564,0.704,0.703,0.00111,3.9638015999999996,3.9581712,0.006249744000000001
localLoginSharedPref-1000,225.0,1.743,0.342,0.341,0.00111,2.1459816000000003,2.1397068000000004,0.006965028000000002
localLoginSharedPref-1000,255.0,1.743,0.353,0.352,0.00111,2.2150044,2.2087296,0.006965028000000002
localLoginSharedPref-1000,258.0,1.743,0.356,0.355,0.00111,2.2338288000000004,2.227554,0.006965028000000002
localLoginSharedPref-1000,237.0,1.743,0.321,0.32,0.00111,2.0142108,2.0079360000000004,0.006965028000000002
localLoginSharedPref-1000,250.0,1.743,0.331,0.33,0.00111,2.0769588000000003,2.0706840000000004,0.006965028000000002
localLoginSharedPref-1000,233.0,1.743,0.32,0.319,0.00111,2.0079360000000004,2.0016612000000005,0.006965028000000002
localLoginSharedPref-1000,247.0,1.743,0.35,0.349,0.00111,2.19618,2.1899052,0.006965028000000002
localLoginSharedPref-1000,316.0,1.743,0.341,0.34,0.00111,2.1397068000000004,2.1334320000000004,0.006965028000000002
localLoginSharedPref-1000,231.0,1.743,0.346,0.345,0.00111,2.1710808000000004,2.164806,0.006965028000000002
localLoginSharedPref-1000,229.0,1.743,0.345,0.344,0.00111,2.164806,2.1585312,0.006965028000000002
localLoginSharedPref-1000,219.0,1.743,0.355,0.354,0.00111,2.227554,2.2212792,0.006965028000000002
localLoginSharedPref-1000,250.0,1.743,0.311,0.31,0.00111,1.9514628,1.9451880000000004,0.006965028000000002
localLoginSharedPref-1000,294.0,1.743,0.332,0.331,0.00111,2.0832336000000002,2.0769588000000003,0.006965028000000002
localLoginSharedPref-1000,227.0,1.743,0.345,0.344,0.00111,2.164806,2.1585312,0.006965028000000002
localLoginSharedPref-1000,235.0,1.743,0.31,0.309,0.00111,1.9451880000000004,1.9389132000000002,0.006965028000000002
localLoginSharedPref-1000,216.0,1.743,0.29,0.289,0.00111,1.819692,1.8134172000000002,0.006965028000000002
localLoginSharedPref-1000,212.0,1.743,0.301,0.3,0.00111,1.8887148,1.8824400000000003,0.006965028000000002
localLoginSharedPref-1000,378.0,1.743,0.319,0.318,0.00111,2.0016612000000005,1.9953864000000001,0.006965028000000002
localLoginSharedPref-1000,281.0,1.743,0.335,0.334,0.00111,2.1020580000000004,2.0957832000000005,0.006965028000000002
localLoginSharedPref-1000,452.0,1.743,0.336,0.335,0.00111,2.1083328000000003,2.1020580000000004,0.006965028000000002
localLoginSharedPref-1000,266.0,1.743,0.333,0.332,0.00111,2.0895084,2.0832336000000002,0.006965028000000002
localLoginSharedPref-1000,217.0,1.743,0.317,0.316,0.00111,1.9891116000000002,1.9828368,0.006965028000000002
localLoginSharedPref-1000,264.0,1.743,0.367,0.366,0.00111,2.3028516,2.2965768000000004,0.006965028000000002
localLoginSharedPref-1000,271.0,1.743,0.367,0.365,0.00111,2.3028516,2.290302,0.006965028000000002
localLoginSharedPref-1000,218.0,1.743,0.34,0.339,0.00111,2.1334320000000004,2.1271572000000005,0.006965028000000002
localLoginSharedPref-1000,331.0,1.743,0.345,0.344,0.00111,2.164806,2.1585312,0.006965028000000002
localLoginSharedPref-1000,253.0,1.743,0.346,0.345,0.00111,2.1710808000000004,2.164806,0.006965028000000002
localLoginSharedPref-1000,244.0,1.743,0.299,0.298,0.00111,1.8761652000000002,1.8698904,0.006965028000000002
localLoginEncSharedPref-10000,2123.0,1.966,1.32,1.31,0.00111,9.342432,9.271656,0.007856136000000001
localLoginEncSharedPref-10000,1883.0,1.966,1.27,1.27,0.00111,8.988552,8.988552,0.007856136000000001
localLoginEncSharedPref-10000,1982.0,1.966,1.31,1.31,0.00111,9.271656,9.271656,0.007856136000000001
localLoginEncSharedPref-10000,2033.0,1.966,1.31,1.31,0.00111,9.271656,9.271656,0.007856136000000001
localLoginEncSharedPref-10000,2096.0,1.966,1.3,1.3,0.00111,9.200880000000002,9.200880000000002,0.007856136000000001
localLoginEncSharedPref-10000,2131.0,1.966,1.3,1.3,0.00111,9.200880000000002,9.200880000000002,0.007856136000000001
localLoginEncSharedPref-10000,2040.0,1.966,1.14,1.13,0.00111,8.068464,7.997687999999999,0.007856136000000001
localLoginEncSharedPref-10000,2031.0,1.966,1.28,1.28,0.00111,9.059328,9.059328,0.007856136000000001
localLoginEncSharedPref-10000,2060.0,1.966,1.28,1.28,0.00111,9.059328,9.059328,0.007856136000000001
localLoginEncSharedPref-10000,2068.0,1.966,1.3,1.3,0.00111,9.200880000000002,9.200880000000002,0.007856136000000001
localLoginEncSharedPref-10000,1907.0,1.966,1.26,1.26,0.00111,8.917776,8.917776,0.007856136000000001
localLoginEncSharedPref-10000,1947.0,1.966,1.14,1.14,0.00123,8.068464,8.068464,0.008705448
localLoginEncSharedPref-10000,1965.0,1.966,1.31,1.31,0.00111,9.271656,9.271656,0.007856136000000001
localLoginEncSharedPref-10000,1981.0,1.966,1.27,1.27,0.00111,8.988552,8.988552,0.007856136000000001
localLoginEncSharedPref-10000,1934.0,1.966,1.26,1.25,0.00111,8.917776,8.847,0.007856136000000001
localLoginEncSharedPref-10000,1988.0,1.966,1.28,1.28,0.00111,9.059328,9.059328,0.007856136000000001
localLoginEncSharedPref-10000,2004.0,1.966,1.31,1.31,0.00111,9.271656,9.271656,0.007856136000000001
localLoginEncSharedPref-10000,2106.0,1.966,1.32,1.32,0.000864,9.342432,9.342432,0.0061150464
localLoginEncSharedPref-10000,2202.0,1.966,1.3,1.3,0.00136,9.200880000000002,9.200880000000002,0.009625536
localLoginEncSharedPref-10000,1848.0,1.966,1.13,1.13,0.00111,7.997687999999999,7.997687999999999,0.007856136000000001
localLoginEncSharedPref-10000,2022.0,1.966,1.28,1.28,0.00111,9.059328,9.059328,0.007856136000000001
localLoginEncSharedPref-10000,2072.0,1.966,1.25,1.25,0.00111,8.847,8.847,0.007856136000000001
localLoginEncSharedPref-10000,2117.0,1.966,1.31,1.3,0.00111,9.271656,9.200880000000002,0.007856136000000001
localLoginEncSharedPref-10000,1844.0,1.966,1.09,1.09,0.00111,7.714584,7.714584,0.007856136000000001
localLoginEncSharedPref-10000,1885.0,1.966,1.11,1.11,0.00111,7.856136000000001,7.856136000000001,0.007856136000000001
localLoginEncSharedPref-10000,2089.0,1.966,1.35,1.35,0.00111,9.55476,9.55476,0.007856136000000001
localLoginEncSharedPref-10000,2025.0,1.966,1.31,1.31,0.00111,9.271656,9.271656,0.007856136000000001
localLoginEncSharedPref-10000,2062.0,1.966,1.32,1.32,0.00111,9.342432,9.342432,0.007856136000000001
localLoginEncSharedPref-10000,2128.0,1.966,1.28,1.28,0.00111,9.059328,9.059328,0.007856136000000001
localLoginEncSharedPref-10000,2077.0,1.966,1.3,1.3,0.00111,9.200880000000002,9.200880000000002,0.007856136000000001
localLoginEncSharedPref-50000,7296.0,1.877,4.16,4.16,0.00167,28.109952000000003,28.109952000000003,0.011284524
localLoginEncSharedPref-50000,7431.0,1.922,4.03,4.03,0.00167,27.884376,27.884376,0.011555064
localLoginEncSharedPref-50000,7355.0,1.922,4.22,4.22,0.0016,29.199023999999998,29.199023999999998,0.011070720000000001
localLoginEncSharedPref-50000,7598.0,1.922,4.11,4.11,0.00167,28.437912,28.437912,0.011555064
localLoginEncSharedPref-50000,7576.0,1.922,4.16,4.16,0.00167,28.783872000000002,28.783872000000002,0.011555064
localLoginEncSharedPref-50000,7575.0,1.922,4.2,4.2,0.00167,29.06064,29.06064,0.011555064
localLoginEncSharedPref-50000,7427.0,1.922,4.11,4.11,0.00167,28.437912,28.437912,0.011555064
localLoginEncSharedPref-50000,7451.0,1.922,4.15,4.15,0.0016,28.71468,28.71468,0.011070720000000001
localLoginEncSharedPref-50000,7411.0,1.922,4.07,4.07,0.0013,28.161144,28.161144,0.00899496
localLoginEncSharedPref-50000,7481.0,1.922,4.16,4.16,0.00167,28.783872000000002,28.783872000000002,0.011555064
localLoginEncSharedPref-50000,7395.0,1.922,4.18,4.18,0.0016,28.922255999999997,28.922255999999997,0.011070720000000001
localLoginEncSharedPref-50000,7512.0,1.922,4.17,4.16,0.00167,28.853064,28.783872000000002,0.011555064
localLoginEncSharedPref-50000,7598.0,1.877,4.2,4.2,0.00167,28.38024,28.38024,0.011284524
localLoginEncSharedPref-50000,7554.0,1.877,4.22,4.21,0.0016,28.515384,28.447812000000003,0.010811520000000002
localLoginEncSharedPref-50000,7392.0,1.877,4.13,4.13,0.0016,27.907236,27.907236,0.010811520000000002
localLoginEncSharedPref-50000,7448.0,1.877,4.12,4.12,0.00154,27.839664000000003,27.839664000000003,0.010406087999999999
localLoginEncSharedPref-50000,7541.0,1.877,4.13,4.13,0.0016,27.907236,27.907236,0.010811520000000002
localLoginEncSharedPref-50000,7406.0,1.877,4.16,4.16,0.00179,28.109952000000003,28.109952000000003,0.012095388
localLoginEncSharedPref-50000,7273.0,1.877,4.08,4.08,0.0016,27.569376000000002,27.569376000000002,0.010811520000000002
localLoginEncSharedPref-50000,7526.0,1.877,4.12,4.12,0.00167,27.839664000000003,27.839664000000003,0.011284524
localLoginEncSharedPref-50000,7352.0,1.877,4.07,4.07,0.00185,27.501804000000003,27.501804000000003,0.012500820000000001
localLoginEncSharedPref-50000,7433.0,1.877,4.07,4.07,0.0016,27.501804000000003,27.501804000000003,0.010811520000000002
localLoginEncSharedPref-50000,7442.0,1.877,4.21,4.21,0.0016,28.447812000000003,28.447812000000003,0.010811520000000002
localLoginEncSharedPref-50000,7264.0,1.877,4.03,4.03,0.0016,27.231516000000003,27.231516000000003,0.010811520000000002
localLoginEncSharedPref-50000,7434.0,1.877,4.15,4.14,0.00167,28.04238,27.974808,0.011284524
localLoginEncSharedPref-50000,7528.0,1.877,4.13,4.13,0.00167,27.907236,27.907236,0.011284524
localLoginEncSharedPref-1000,576.0,2.011,0.37,0.369,0.00111,2.6786520000000005,2.6714124000000004,0.008035956000000002
localLoginEncSharedPref-1000,526.0,2.011,0.38,0.379,0.00111,2.7510480000000004,2.7438084000000003,0.008035956000000002
localLoginEncSharedPref-1000,739.0,2.011,0.351,0.35,0.00123,2.5410996000000003,2.5338600000000002,0.008904707999999999
localLoginEncSharedPref-1000,632.0,2.011,0.344,0.342,0.00111,2.4904224,2.4759432,0.008035956000000002
localLoginEncSharedPref-1000,600.0,2.011,0.381,0.38,0.00111,2.7582876000000005,2.7510480000000004,0.008035956000000002
localLoginEncSharedPref-1000,584.0,2.011,0.397,0.396,0.00111,2.8741212000000003,2.8668816000000006,0.008035956000000002
localLoginEncSharedPref-1000,646.0,2.011,0.398,0.397,0.00111,2.8813608000000004,2.8741212000000003,0.008035956000000002
localLoginEncSharedPref-1000,605.0,2.011,0.381,0.38,0.00111,2.7582876000000005,2.7510480000000004,0.008035956000000002
localLoginEncSharedPref-1000,549.0,2.011,0.355,0.354,0.00111,2.5700580000000004,2.5628184000000003,0.008035956000000002
localLoginEncSharedPref-1000,539.0,2.011,0.357,0.356,0.00111,2.5845371999999998,2.5772976000000005,0.008035956000000002
localLoginEncSharedPref-1000,535.0,2.011,0.352,0.351,0.00111,2.5483392,2.5410996000000003,0.008035956000000002
localLoginEncSharedPref-1000,609.0,2.011,0.355,0.354,0.00111,2.5700580000000004,2.5628184000000003,0.008035956000000002
localLoginEncSharedPref-1000,553.0,2.011,0.389,0.387,0.00111,2.8162044,2.8017252000000004,0.008035956000000002
localLoginEncSharedPref-1000,554.0,2.011,0.402,0.401,0.00111,2.9103192000000004,2.9030796000000008,0.008035956000000002
localLoginEncSharedPref-1000,569.0,2.011,0.388,0.387,0.00111,2.8089648,2.8017252000000004,0.008035956000000002
localLoginEncSharedPref-1000,588.0,2.011,0.38,0.379,0.00111,2.7510480000000004,2.7438084000000003,0.008035956000000002
localLoginEncSharedPref-1000,569.0,2.011,0.348,0.346,0.00111,2.5193808,2.5049016,0.008035956000000002
localLoginEncSharedPref-1000,684.0,2.011,0.364,0.362,0.00111,2.6352144,2.6207352,0.008035956000000002
localLoginEncSharedPref-1000,921.0,2.011,0.722,0.721,0.00111,5.2269912000000005,5.2197516,0.008035956000000002
localLoginEncSharedPref-1000,791.0,2.011,0.395,0.394,0.00111,2.8596420000000005,2.8524024000000003,0.008035956000000002
localLoginEncSharedPref-1000,586.0,2.011,0.112,0.111,0.00111,0.8108352000000001,0.8035956000000001,0.008035956000000002
localLoginEncSharedPref-1000,590.0,2.011,0.388,0.387,0.00111,2.8089648,2.8017252000000004,0.008035956000000002
localLoginEncSharedPref-1000,745.0,2.011,0.395,0.393,0.00111,2.8596420000000005,2.8451628,0.008035956000000002
localLoginEncSharedPref-1000,561.0,2.011,0.39,0.389,0.00111,2.8234440000000003,2.8162044,0.008035956000000002
localLoginEncSharedPref-1000,577.0,2.011,0.383,0.382,0.00111,2.7727668000000003,2.7655272,0.008035956000000002
localLoginEncSharedPref-1000,591.0,2.011,0.371,0.37,0.00111,2.6858916000000006,2.6786520000000005,0.008035956000000002
localLoginEncSharedPref-1000,641.0,2.011,0.366,0.365,0.00111,2.6496936000000004,2.6424540000000003,0.008035956000000002
localLoginEncSharedPref-1000,549.0,2.011,0.433,0.432,0.00111,3.1347468000000003,3.1275072,0.008035956000000002
localLoginEncSharedPref-1000,555.0,2.011,0.351,0.35,0.00111,2.5410996000000003,2.5338600000000002,0.008035956000000002
localLoginEncSharedPref-1000,530.0,2.011,0.369,0.368,0.00111,2.6714124000000004,2.6641728000000002,0.008035956000000002
localLoginSharedPref-10000,351.0,1.788,0.00111,0.0,0.00111,0.0071448480000000005,0.0,0.0071448480000000005
localLoginSharedPref-10000,303.0,1.788,0.35,0.349,0.00111,2.25288,2.2464432,0.0071448480000000005
localLoginSharedPref-10000,296.0,1.788,0.358,0.357,0.00111,2.3043744,2.2979376,0.0071448480000000005
localLoginSharedPref-10000,305.0,1.788,0.395,0.394,0.00111,2.542536,2.5360992,0.0071448480000000005
localLoginSharedPref-10000,349.0,1.788,0.4,0.399,0.00111,2.5747200000000006,2.5682832,0.0071448480000000005
localLoginSharedPref-10000,278.0,1.788,0.356,0.355,0.00111,2.2915008,2.285064,0.0071448480000000005
localLoginSharedPref-10000,313.0,1.788,0.376,0.375,0.00111,2.4202368,2.4138,0.0071448480000000005
localLoginSharedPref-10000,346.0,1.788,0.347,0.346,0.00111,2.2335695999999996,2.2271328,0.0071448480000000005
localLoginSharedPref-10000,319.0,1.788,0.356,0.355,0.00111,2.2915008,2.285064,0.0071448480000000005
localLoginSharedPref-10000,295.0,1.788,0.376,0.375,0.00111,2.4202368,2.4138,0.0071448480000000005
localLoginSharedPref-10000,301.0,1.788,0.379,0.378,0.00111,2.4395472000000002,2.4331104,0.0071448480000000005
localLoginSharedPref-10000,311.0,1.788,0.362,0.361,0.00111,2.3301216,2.3236848,0.0071448480000000005
localLoginSharedPref-10000,335.0,1.788,0.365,0.364,0.00111,2.349432,2.3429952000000003,0.0071448480000000005
localLoginSharedPref-10000,294.0,1.788,0.324,0.323,0.00111,2.0855232000000004,2.0790864,0.0071448480000000005
localLoginSharedPref-10000,334.0,1.788,0.343,0.342,0.00111,2.2078224000000004,2.2013856,0.0071448480000000005
localLoginSharedPref-10000,313.0,1.788,0.408,0.407,0.00111,2.6262144,2.6197776,0.0071448480000000005
localLoginSharedPref-10000,308.0,1.788,0.000802,0.0,0.000802,0.0051623136,0.0,0.0051623136
localLoginSharedPref-10000,1098.0,1.788,0.532,0.531,0.00111,3.4243776000000006,3.4179408000000002,0.0071448480000000005
localLoginSharedPref-10000,320.0,1.788,0.399,0.398,0.00111,2.5682832,2.5618464000000003,0.0071448480000000005
localLoginSharedPref-10000,308.0,1.788,0.342,0.341,0.00111,2.2013856,2.1949488,0.0071448480000000005
localLoginSharedPref-10000,300.0,1.788,0.336,0.335,0.00111,2.1627648,2.1563280000000002,0.0071448480000000005
localLoginSharedPref-10000,385.0,1.788,0.367,0.366,0.00111,2.3623056,2.3558688,0.0071448480000000005
localLoginSharedPref-10000,306.0,1.788,0.371,0.37,0.00111,2.3880528,2.381616,0.0071448480000000005
localLoginSharedPref-10000,292.0,1.788,0.352,0.351,0.00111,2.2657536,2.2593168,0.0071448480000000005
localLoginSharedPref-10000,312.0,1.788,0.388,0.387,0.00111,2.4974784000000003,2.4910416,0.0071448480000000005
localLoginSharedPref-10000,338.0,1.788,0.356,0.355,0.00111,2.2915008,2.285064,0.0071448480000000005
localLoginSharedPref-10000,276.0,1.788,0.391,0.39,0.00123,2.5167888000000005,2.510352,0.007917264
localLoginSharedPref-10000,375.0,1.788,0.356,0.355,0.00111,2.2915008,2.285064,0.0071448480000000005
localLoginSharedPref-10000,387.0,1.788,0.377,0.376,0.00111,2.4266736,2.4202368,0.0071448480000000005
localLoginSharedPref-10000,285.0,1.788,0.355,0.354,0.00111,2.285064,2.2786272,0.0071448480000000005
localLoginSharedPref-50000,819.0,1.832,0.251,0.249,0.00111,1.6553952000000003,1.6422048,0.007320672000000001
localLoginSharedPref-50000,410.0,1.877,0.411,0.41,0.00111,2.7772092,2.770452,0.007500492000000001
localLoginSharedPref-50000,440.0,1.877,0.413,0.412,0.00111,2.7907235999999997,2.7839663999999997,0.007500492000000001
localLoginSharedPref-50000,398.0,1.877,0.397,0.396,0.00111,2.6826084,2.6758512000000003,0.007500492000000001
localLoginSharedPref-50000,385.0,1.877,0.442,0.441,0.00111,2.9866824,2.9799252000000003,0.007500492000000001
localLoginSharedPref-50000,407.0,1.877,0.424,0.423,0.00111,2.8650528,2.8582956,0.007500492000000001
localLoginSharedPref-50000,783.0,1.832,0.432,0.431,0.00111,2.8491264,2.8425312000000003,0.007320672000000001
localLoginSharedPref-50000,370.0,1.832,0.43,0.429,0.00111,2.8359360000000002,2.8293408,0.007320672000000001
localLoginSharedPref-50000,408.0,1.832,0.417,0.416,0.00111,2.7501984,2.7436032000000004,0.007320672000000001
localLoginSharedPref-50000,376.0,1.832,0.423,0.422,0.00111,2.7897696,2.7831744,0.007320672000000001
localLoginSharedPref-50000,395.0,1.832,0.395,0.394,0.00111,2.6051040000000003,2.5985088000000003,0.007320672000000001
localLoginSharedPref-50000,399.0,1.877,0.421,0.42,0.00117,2.8447812,2.838024,0.007905924000000002
localLoginSharedPref-50000,399.0,1.832,0.399,0.398,0.00111,2.6314848000000004,2.6248896000000004,0.007320672000000001
localLoginSharedPref-50000,437.0,1.877,0.421,0.419,0.00123,2.8447812,2.8312668,0.008311355999999999
localLoginSharedPref-50000,484.0,1.832,0.375,0.374,0.00111,2.4732000000000003,2.4666048000000003,0.007320672000000001
localLoginSharedPref-50000,724.0,1.832,0.321,0.32,0.00111,2.1170592,2.1104640000000003,0.007320672000000001
localLoginSharedPref-50000,853.0,1.832,0.214,0.213,0.00111,1.4113728,1.4047776,0.007320672000000001
localLoginSharedPref-50000,457.0,1.877,0.398,0.397,0.00111,2.6893656000000004,2.6826084,0.007500492000000001
localLoginSharedPref-50000,841.0,1.832,0.108,0.107,0.00111,0.7122816,0.7056864,0.007320672000000001
localLoginSharedPref-50000,395.0,1.877,0.405,0.404,0.00111,2.7366660000000005,2.7299088000000005,0.007500492000000001
localLoginSharedPref-50000,780.0,1.832,0.175,0.174,0.00111,1.15416,1.1475648,0.007320672000000001
localLoginSharedPref-50000,889.0,1.832,0.333,0.332,0.00123,2.1962016,2.1896064,0.008112096
localLoginSharedPref-50000,1069.0,1.832,0.247,0.246,0.00111,1.6290144,1.6224192000000002,0.007320672000000001
localLoginSharedPref-50000,366.0,1.877,0.386,0.385,0.00111,2.6082792,2.601522,0.007500492000000001
localLoginSharedPref-50000,899.0,1.832,0.345,0.344,0.00111,2.275344,2.2687488,0.007320672000000001
localLoginSharedPref-50000,808.0,1.832,0.169,0.168,0.00111,1.1145888000000002,1.1079936000000001,0.007320672000000001
localLoginSharedPref-50000,876.0,1.832,0.342,0.341,0.00111,2.2555584000000004,2.2489632,0.007320672000000001
localLoginSharedPref-50000,396.0,1.877,0.406,0.405,0.00111,2.7434232000000005,2.7366660000000005,0.007500492000000001
localLoginSharedPref-50000,893.0,1.832,0.204,0.203,0.00111,1.3454207999999999,1.3388256000000003,0.007320672000000001
localLoginSharedPref-50000,778.0,1.832,0.16,0.158,0.00111,1.0552320000000002,1.0420416,0.007320672000000001
localLoginEnc-10000,14355.0,3.129,3.99,3.99,0.0016,44.944956000000005,44.944956000000005,0.01802304
localLoginEnc-10000,27753.0,3.307,3.5,3.5,0.0013,41.6682,41.6682,0.01547676
localLoginEnc-10000,17372.0,3.084,3.79,3.79,0.0016,42.078096,42.078096,0.017763840000000003
localLoginEnc-10000,21989.0,3.307,3.55,3.54,0.0016,42.263459999999995,42.144408,0.01904832
localLoginEnc-10000,20161.0,3.084,3.79,3.79,0.00136,42.078096,42.078096,0.015099264000000001
localLoginEnc-10000,13072.0,3.307,3.95,3.95,0.0016,47.02554,47.02554,0.01904832
localLoginEnc-10000,21687.0,3.084,3.61,3.6,0.00173,40.079664,39.96864,0.019207152
localLoginEnc-10000,20646.0,3.263,3.68,3.68,0.00173,43.228224000000004,43.228224000000004,0.020321963999999998
localLoginEnc-10000,21799.0,3.084,3.53,3.53,0.0016,39.191472000000005,39.191472000000005,0.017763840000000003
localLoginEnc-10000,19623.0,3.039,3.74,3.74,0.0016,40.917096,40.917096,0.017504640000000002
localLoginEnc-10000,30325.0,3.039,3.15,3.15,0.0016,34.46226,34.46226,0.017504640000000002
localLoginEnc-10000,21893.0,3.039,3.69,3.69,0.0016,40.370076000000005,40.370076000000005,0.017504640000000002
localLoginEnc-10000,17727.0,3.218,3.95,3.95,0.0016,45.75996,45.75996,0.018535680000000002
localLoginEnc-10000,32190.0,3.039,3.41,3.41,0.0016,37.30676400000001,37.30676400000001,0.017504640000000002
localLoginEnc-10000,21615.0,2.994,3.74,3.74,0.0016,40.311216,40.311216,0.01724544
localLoginEnc-10000,18812.0,2.994,3.84,3.84,0.0016,41.389056000000004,41.389056000000004,0.01724544
localLoginEnc-10000,5144.0,3.218,4.11,4.11,0.0016,47.613528,47.613528,0.018535680000000002
localLoginEnc-10000,20730.0,2.994,3.62,3.62,0.0016,39.017808,39.017808,0.01724544
localLoginEnc-10000,14064.0,2.994,3.98,3.98,0.0016,42.898032,42.898032,0.01724544
localLoginEnc-10000,11368.0,2.994,4.0,3.99,0.0016,43.113600000000005,43.005816,0.01724544
localLoginEnc-10000,16603.0,2.994,3.92,3.92,0.0016,42.251328,42.251328,0.01724544
localLoginEnc-10000,17966.0,2.95,3.7,3.7,0.00154,39.294000000000004,39.294000000000004,0.0163548
localLoginEnc-10000,34981.0,2.95,3.45,3.45,0.0016,36.63900000000001,36.63900000000001,0.016992000000000004
localLoginEnc-10000,20426.0,2.95,3.68,3.68,0.0016,39.08160000000001,39.08160000000001,0.016992000000000004
localLoginEnc-10000,17625.0,2.95,3.77,3.77,0.0016,40.037400000000005,40.037400000000005,0.016992000000000004
localLoginEnc-10000,17251.0,3.129,3.65,3.65,0.0016,41.11506,41.11506,0.01802304
localLoginEnc-10000,18962.0,2.9050000000000002,3.74,3.74,0.0016,39.11292,39.11292,0.016732800000000003
localLoginEnc-10000,18119.0,3.129,3.83,3.83,0.0016,43.142652,43.142652,0.01802304
localLoginEnc-100,656.0,3.62,0.44,0.439,0.00123,5.7340800000000005,5.721048000000001,0.01602936
localLoginEnc-100,638.0,3.62,0.442,0.441,0.00111,5.760144,5.747112,0.014465520000000003
localLoginEnc-100,659.0,3.62,0.454,0.453,0.00111,5.9165280000000005,5.9034960000000005,0.014465520000000003
localLoginEnc-100,563.0,3.62,0.479,0.478,0.00111,6.242328,6.229296,0.014465520000000003
localLoginEnc-100,740.0,3.62,0.418,0.416,0.00111,5.447376,5.421312,0.014465520000000003
localLoginEnc-100,938.0,3.62,0.643,0.642,0.00111,8.379576,8.366544,0.014465520000000003
localLoginEnc-100,797.0,3.62,0.415,0.414,0.00123,5.40828,5.395248,0.01602936
localLoginEnc-100,836.0,3.62,0.258,0.257,0.00111,3.3622560000000004,3.349224,0.014465520000000003
localLoginEnc-100,685.0,3.62,0.443,0.442,0.00111,5.773176,5.760144,0.014465520000000003
localLoginEnc-100,611.0,3.62,0.456,0.454,0.00111,5.942592000000001,5.9165280000000005,0.014465520000000003
localLoginEnc-100,810.0,3.62,0.456,0.455,0.00111,5.942592000000001,5.92956,0.014465520000000003
localLoginEnc-100,636.0,3.62,0.421,0.419,0.00111,5.486472,5.460408,0.014465520000000003
localLoginEnc-100,781.0,3.665,0.419,0.418,0.00111,5.528286,5.515092,0.014645340000000001
localLoginEnc-100,608.0,3.62,0.431,0.43,0.00111,5.616792,5.60376,0.014465520000000003
localLoginEnc-100,734.0,3.62,0.507,0.506,0.00111,6.607224,6.5941920000000005,0.014465520000000003
localLoginEnc-100,643.0,3.62,0.38,0.379,0.00111,4.95216,4.939128,0.014465520000000003
localLoginEnc-100,586.0,3.62,0.454,0.453,0.00111,5.9165280000000005,5.9034960000000005,0.014465520000000003
localLoginEnc-100,626.0,3.62,0.432,0.431,0.00111,5.629824,5.616792,0.014465520000000003
localLoginEnc-100,670.0,3.62,0.000802,0.0,0.000802,0.010451664,0.0,0.010451664
localLoginEnc-100,645.0,3.62,0.422,0.421,0.00111,5.499504,5.486472,0.014465520000000003
localLoginEnc-100,607.0,3.62,0.443,0.442,0.00111,5.773176,5.760144,0.014465520000000003
localLoginEnc-100,634.0,3.62,0.41,0.409,0.00111,5.34312,5.330088,0.014465520000000003
localLoginEnc-100,626.0,3.62,0.415,0.414,0.00111,5.40828,5.395248,0.014465520000000003
localLoginEnc-100,703.0,3.62,0.429,0.428,0.00111,5.590728,5.5776959999999995,0.014465520000000003
localLoginEnc-100,934.0,3.62,0.604,0.603,0.00105,7.871328,7.858295999999999,0.0136836
localLoginEnc-100,880.0,3.62,0.384,0.383,0.00111,5.004288000000001,4.991256,0.014465520000000003
localLoginEnc-100,747.0,3.62,0.48,0.479,0.00111,6.2553600000000005,6.242328,0.014465520000000003
localLogin-100,476.0,3.576,0.389,0.388,0.00111,5.0078304000000005,4.994956800000001,0.014289696000000001
localLogin-100,634.0,3.576,0.268,0.267,0.00111,3.4501248,3.4372512000000004,0.014289696000000001
localLogin-100,570.0,3.576,0.416,0.415,0.00111,5.3554176,5.342544,0.014289696000000001
localLogin-100,531.0,3.576,0.377,0.376,0.00111,4.8533472,4.8404736,0.014289696000000001
localLogin-100,633.0,3.576,0.377,0.376,0.00111,4.8533472,4.8404736,0.014289696000000001
localLogin-100,647.0,3.576,0.431,0.43,0.00111,5.548521600000001,5.535648,0.014289696000000001
localLogin-100,544.0,3.62,0.41,0.409,0.00111,5.34312,5.330088,0.014465520000000003
localLogin-100,492.0,3.576,0.39,0.389,0.00111,5.020704,5.0078304000000005,0.014289696000000001
localLogin-100,1135.0,3.62,0.687,0.686,0.00111,8.952984,8.939952000000002,0.014465520000000003
localLogin-100,517.0,3.576,0.347,0.346,0.00111,4.467139199999999,4.4542656,0.014289696000000001
localLogin-100,492.0,3.576,0.394,0.393,0.00111,5.0721984,5.059324800000001,0.014289696000000001
localLogin-100,564.0,3.576,0.382,0.381,0.00111,4.9177152,4.904841600000001,0.014289696000000001
localLogin-100,732.0,3.62,0.308,0.307,0.00111,4.0138560000000005,4.000824,0.014465520000000003
localLogin-100,529.0,3.576,0.393,0.392,0.00111,5.059324800000001,5.0464512,0.014289696000000001
localLogin-100,532.0,3.576,0.369,0.368,0.00111,4.7503584000000005,4.7374848,0.014289696000000001
localLogin-100,680.0,3.576,0.38,0.378,0.00111,4.891968,4.8662208,0.014289696000000001
localLogin-100,535.0,3.62,0.412,0.411,0.00111,5.369184,5.356152000000001,0.014465520000000003
localLogin-100,497.0,3.576,0.422,0.421,0.00111,5.4326592,5.4197856,0.014289696000000001
localLogin-100,459.0,3.576,0.378,0.377,0.00111,4.8662208,4.8533472,0.014289696000000001
localLogin-100,646.0,3.576,0.382,0.381,0.00111,4.9177152,4.904841600000001,0.014289696000000001
localLogin-100,486.0,3.576,0.373,0.372,0.00111,4.8018528,4.7889792,0.014289696000000001
localLogin-100,602.0,3.576,0.394,0.393,0.00111,5.0721984,5.059324800000001,0.014289696000000001
localLogin-100,644.0,3.576,0.427,0.426,0.00111,5.4970272,5.4841536,0.014289696000000001
localLogin-100,478.0,3.576,0.372,0.371,0.00111,4.7889792,4.7761056,0.014289696000000001
localLogin-100,573.0,3.576,0.371,0.37,0.00111,4.7761056,4.763232,0.014289696000000001
localLogin-100,569.0,3.576,0.407,0.406,0.00111,5.2395552,5.226681600000001,0.014289696000000001
localLogin-100,700.0,3.576,0.462,0.461,0.00111,5.9476032000000005,5.934729600000001,0.014289696000000001
localLogin-100,517.0,3.576,0.44,0.439,0.00111,5.664384,5.6515104,0.014289696000000001
localLogin-100,556.0,3.576,0.415,0.414,0.00111,5.342544,5.3296703999999995,0.014289696000000001
localLogin-100,543.0,3.576,0.435,0.434,0.00111,5.600016,5.5871424,0.014289696000000001
localLogin-5000,23157.0,1.162,1.93,1.93,0.0016,8.073576,8.073576,0.00669312
localLogin-5000,16249.0,1.2510000000000001,2.02,2.02,0.0013,9.097272,9.097272,0.005854680000000001
localLogin-5000,22245.0,1.162,2.03,2.02,0.0016,8.491895999999999,8.450064,0.00669312
localLogin-5000,14562.0,1.162,2.25,2.25,0.0016,9.412199999999999,9.412199999999999,0.00669312
localLogin-5000,16150.0,1.2510000000000001,2.26,2.26,0.0016,10.178136,10.178136,0.007205760000000001
localLogin-5000,13604.0,1.162,2.52,2.52,0.0016,10.541664,10.541664,0.00669312
localLogin-5000,41124.0,1.162,1.62,1.62,0.0016,6.776784,6.776784,0.00669312
localLogin-5000,44499.0,1.2510000000000001,1.83,1.83,0.0016,8.241588,8.241588,0.007205760000000001
localLogin-5000,27129.0,1.162,1.91,1.91,0.0013,7.989911999999999,7.989911999999999,0.00543816
localLogin-5000,20893.0,1.162,2.03,2.03,0.0016,8.491895999999999,8.491895999999999,0.00669312
localLogin-5000,16163.0,1.2510000000000001,2.2,2.2,0.00167,9.907920000000003,9.907920000000003,0.0075210120000000005
localLogin-5000,20088.0,1.162,2.01,2.0,0.0016,8.408232,8.3664,0.00669312
localLogin-5000,22150.0,1.162,1.98,1.98,0.0016,8.282736,8.282736,0.00669312
localLogin-5000,18791.0,1.2510000000000001,2.28,2.28,0.0016,10.268208000000001,10.268208000000001,0.007205760000000001
localLogin-5000,20003.0,1.162,2.15,2.14,0.0016,8.993879999999999,8.952048,0.00669312
localLogin-5000,23053.0,1.162,2.07,2.07,0.0016,8.659224,8.659224,0.00669312
localLogin-5000,21819.0,1.117,1.98,1.98,0.0016,7.961976,7.961976,0.00643392
localLogin-5000,26582.0,1.2510000000000001,1.84,1.84,0.0016,8.286624000000002,8.286624000000002,0.007205760000000001
localLogin-5000,23423.0,1.117,1.96,1.96,0.0016,7.881552,7.881552,0.00643392
localLogin-5000,25976.0,1.206,1.84,1.84,0.0016,7.988544,7.988544,0.00694656
localLogin-5000,28044.0,1.117,1.77,1.77,0.0016,7.1175239999999995,7.1175239999999995,0.00643392
localLogin-5000,21403.0,1.117,1.98,1.98,0.0016,7.961976,7.961976,0.00643392
localLogin-5000,24789.0,1.206,1.98,1.98,0.0016,8.596368,8.596368,0.00694656
localLogin-5000,18506.0,1.117,2.12,2.12,0.0016,8.524944000000001,8.524944000000001,0.00643392
localLogin-5000,21968.0,1.117,2.03,2.02,0.0016,8.163036,8.122824,0.00643392
localLogin-5000,24853.0,1.117,1.92,1.92,0.0016,7.720704,7.720704,0.00643392
localLogin-5000,37701.0,1.117,1.65,1.64,0.0016,6.63498,6.594768,0.00643392
localLogin-5000,26130.0,1.117,1.87,1.87,0.0016,7.519644,7.519644,0.00643392
localLogin-5000,24848.0,1.206,1.95,1.95,0.00167,8.46612,8.46612,0.007250472
localLogin-5000,24851.0,1.162,2.0,1.99,0.0016,8.3664,8.324568,0.00669312
localLogin-10000,7015.0,1.564,3.0,2.99,0.00167,16.8912,16.834896000000004,0.009402768
localLogin-10000,4181.0,1.341,3.04,3.04,0.0016,14.675904000000001,14.675904000000001,0.00772416
localLogin-10000,59283.0,1.341,3.24,3.23,0.0016,15.641424000000002,15.593148,0.00772416
localLogin-10000,9049.0,1.743,2.96,2.96,0.0016,18.573408,18.573408,0.01003968
localLogin-10000,5509.0,1.296,3.02,3.02,0.0013,14.090112,14.090112,0.00606528
localLogin-10000,59325.0,1.296,3.11,3.11,0.0016,14.510016,14.510016,0.0074649600000000005
localLogin-10000,3198.0,1.5190000000000001,3.02,3.02,0.0016,16.514568,16.514568,0.00874944
localLogin-10000,59029.0,1.296,3.15,3.15,0.0016,14.69664,14.69664,0.0074649600000000005
localLogin-10000,5092.0,1.296,3.03,3.03,0.00167,14.136768,14.136768,0.007791552
localLogin-10000,7207.0,1.296,3.02,3.01,0.0016,14.090112,14.043456,0.0074649600000000005
localLogin-10000,5720.0,1.475,2.82,2.82,0.0016,14.9742,14.9742,0.008496000000000002
localLogin-10000,59409.0,1.475,3.17,3.16,0.0016,16.832700000000003,16.779600000000002,0.008496000000000002
localLogin-10000,16033.0,1.475,2.87,2.86,0.0016,15.239700000000003,15.1866,0.008496000000000002
localLogin-10000,4682.0,1.653,3.0,3.0,0.0016,17.852400000000003,17.852400000000003,0.00952128
localLogin-10000,6372.0,1.475,2.64,2.64,0.0013,14.018400000000003,14.018400000000003,0.006903
localLogin-10000,51227.0,1.475,3.4,3.4,0.00167,18.054000000000002,18.054000000000002,0.008867700000000001
localLogin-10000,42295.0,1.43,3.41,3.41,0.0013,17.55468,17.55468,0.0066924
localLogin-10000,4349.0,1.43,2.97,2.97,0.00167,15.28956,15.28956,0.00859716
localLogin-10000,7511.0,1.43,2.91,2.91,0.00167,14.980680000000001,14.980680000000001,0.00859716
localLogin-10000,4374.0,1.43,2.95,2.95,0.0016,15.1866,15.1866,0.0082368
localLogin-10000,17581.0,1.609,2.51,2.5,0.00185,14.538924,14.481,0.01071594
localLogin-10000,2297.0,1.43,3.21,3.21,0.0016,16.52508,16.52508,0.0082368
localLogin-10000,2951.0,1.385,2.99,2.99,0.0013,14.908140000000001,14.908140000000001,0.0064818
localLogin-10000,7640.0,1.609,2.59,2.59,0.00136,15.002316,15.002316,0.007877664
localLogin-10000,2503.0,1.385,2.83,2.83,0.0013,14.110380000000001,14.110380000000001,0.0064818
localLogin-10000,3408.0,1.609,3.04,3.04,0.0016,17.608896,17.608896,0.009267840000000001
localLogin-10000,9057.0,1.385,2.88,2.88,0.0016,14.35968,14.35968,0.007977600000000001
localLogin-10000,57153.0,1.385,3.2,3.2,0.0016,15.955200000000001,15.955200000000001,0.007977600000000001
localLogin-10000,3684.0,1.385,2.99,2.99,0.0016,14.908140000000001,14.908140000000001,0.007977600000000001
localLogin-10000,48577.0,1.341,3.55,3.55,0.00167,17.13798,17.13798,0.008062092
localLoginEnc-5000,35746.0,4.157,2.22,2.22,0.0016,33.222744000000006,33.222744000000006,0.02394432
localLoginEnc-5000,33378.0,4.291,2.37,2.37,0.0016,36.610812,36.610812,0.024716160000000004
localLoginEnc-5000,34642.0,4.157,2.37,2.37,0.0016,35.467524,35.467524,0.02394432
localLoginEnc-5000,34288.0,4.157,2.15,2.15,0.0016,32.175180000000005,32.175180000000005,0.02394432
localLoginEnc-5000,33757.0,4.246,2.37,2.37,0.0016,36.22687200000001,36.22687200000001,0.024456960000000003
localLoginEnc-5000,35069.0,4.157,2.28,2.28,0.0013,34.120656000000004,34.120656000000004,0.01945476
localLoginEnc-5000,34664.0,4.157,2.31,2.31,0.0016,34.569612000000006,34.569612000000006,0.02394432
localLoginEnc-5000,35574.0,4.157,2.22,2.22,0.0016,33.222744000000006,33.222744000000006,0.02394432
localLoginEnc-5000,35514.0,4.157,2.32,2.32,0.0016,34.719264,34.719264,0.02394432
localLoginEnc-5000,34910.0,4.246,2.37,2.37,0.0013,36.22687200000001,36.22687200000001,0.01987128
localLoginEnc-5000,34270.0,4.157,2.35,2.35,0.0016,35.168220000000005,35.168220000000005,0.02394432
localLoginEnc-5000,33218.0,4.157,2.29,2.28,0.0016,34.270308,34.120656000000004,0.02394432
localLoginEnc-5000,30376.0,4.157,2.47,2.47,0.0016,36.96404400000001,36.96404400000001,0.02394432
localLoginEnc-5000,34489.0,4.246,2.32,2.32,0.0016,35.46259200000001,35.46259200000001,0.024456960000000003
localLoginEnc-5000,33823.0,4.112,2.26,2.26,0.0016,33.455231999999995,33.455231999999995,0.02368512
localLoginEnc-5000,35020.0,4.112,2.34,2.34,0.00173,34.639488,34.639488,0.025609536000000002
localLoginEnc-5000,33795.0,4.335,2.27,2.27,0.0016,35.42562,35.42562,0.0249696
localLoginEnc-5000,34375.0,4.2010000000000005,2.23,2.22,0.0016,33.72562800000001,33.57439200000001,0.024197760000000006
localLoginEnc-5000,15876.0,4.335,3.16,3.16,0.00173,49.314960000000006,49.314960000000006,0.02699838
localLoginEnc-5000,34817.0,4.2010000000000005,2.26,2.26,0.0016,34.179336,34.179336,0.024197760000000006
localLoginEnc-5000,36002.0,4.2010000000000005,2.22,2.22,0.0016,33.57439200000001,33.57439200000001,0.024197760000000006
localLoginEnc-5000,35879.0,4.2010000000000005,2.26,2.25,0.0016,34.179336,34.0281,0.024197760000000006
localLoginEnc-5000,21094.0,4.2010000000000005,2.72,2.72,0.0016,41.13619200000001,41.13619200000001,0.024197760000000006
localLoginEnc-5000,20811.0,4.2010000000000005,2.79,2.79,0.0016,42.19484400000001,42.19484400000001,0.024197760000000006
localLoginEnc-5000,32113.0,4.291,2.39,2.39,0.0016,36.91976400000001,36.91976400000001,0.024716160000000004
localLoginEnc-5000,19088.0,4.2010000000000005,2.68,2.68,0.0016,40.53124800000001,40.53124800000001,0.024197760000000006
localLoginEnc-5000,12039.0,4.291,3.14,3.13,0.0016,48.505464,48.35098800000001,0.024716160000000004
localLoginEnc-5000,25888.0,4.2010000000000005,2.64,2.64,0.0016,39.92630400000001,39.92630400000001,0.024197760000000006
localLoginEnc-5000,35379.0,4.2010000000000005,2.15,2.15,0.0016,32.51574000000001,32.51574000000001,0.024197760000000006
localLogin-1000,3977.0,3.576,0.818,0.817,0.00111,10.530604799999999,10.5177312,0.014289696000000001
localLogin-1000,3805.0,3.576,0.696,0.695,0.00111,8.9600256,8.947151999999999,0.014289696000000001
localLogin-1000,3318.0,3.576,0.831,0.83,0.00111,10.697961600000001,10.685088,0.014289696000000001
localLogin-1000,3779.0,3.576,0.819,0.818,0.00111,10.5434784,10.530604799999999,0.014289696000000001
localLogin-1000,3980.0,3.576,0.823,0.822,0.00111,10.5949728,10.5820992,0.014289696000000001
localLogin-1000,3747.0,3.576,0.844,0.843,0.00111,10.8653184,10.8524448,0.014289696000000001
localLogin-1000,3014.0,3.576,0.966,0.965,0.00111,12.435897599999999,12.423024,0.014289696000000001
localLogin-1000,3334.0,3.576,0.932,0.931,0.000864,11.998195200000001,11.9853216,0.0111227904
localLogin-1000,2927.0,3.576,0.928,0.927,0.0013,11.9467008,11.933827200000001,0.01673568
localLogin-1000,2661.0,3.576,0.754,0.753,0.00111,9.7066944,9.6938208,0.014289696000000001
localLogin-1000,3905.0,3.576,1.04,1.04,0.00111,13.388544000000001,13.388544000000001,0.014289696000000001
localLogin-1000,3352.0,3.576,0.896,0.895,0.000864,11.5347456,11.521872,0.0111227904
localLogin-1000,4249.0,3.576,0.834,0.833,0.0013,10.7365824,10.7237088,0.01673568
localLogin-1000,2797.0,3.576,0.983,0.982,0.00111,12.6547488,12.641875200000001,0.014289696000000001
localLogin-1000,3372.0,3.576,0.867,0.866,0.00111,11.1614112,11.1485376,0.014289696000000001
localLogin-1000,3845.0,3.576,0.831,0.83,0.00111,10.697961600000001,10.685088,0.014289696000000001
localLogin-1000,3453.0,3.576,0.836,0.835,0.000987,10.7623296,10.749455999999999,0.012706243200000002
localLogin-1000,4025.0,3.576,0.823,0.822,0.00123,10.5949728,10.5820992,0.015834528
localLogin-1000,3128.0,3.576,0.819,0.818,0.00111,10.5434784,10.530604799999999,0.014289696000000001
localLogin-1000,3525.0,3.576,0.913,0.912,0.00111,11.753596800000002,11.740723200000001,0.014289696000000001
localLogin-1000,3038.0,3.576,0.863,0.862,0.00111,11.1099168,11.097043200000002,0.014289696000000001
localLogin-1000,3478.0,3.576,0.884,0.882,0.00111,11.3802624,11.354515200000002,0.014289696000000001
localLogin-1000,3665.0,3.576,0.913,0.912,0.00111,11.753596800000002,11.740723200000001,0.014289696000000001
localLogin-1000,3083.0,3.576,0.873,0.872,0.00111,11.2386528,11.225779200000002,0.014289696000000001
localLogin-1000,3969.0,3.576,0.841,0.84,0.00111,10.826697600000001,10.813824,0.014289696000000001
localLogin-1000,4069.0,3.576,0.812,0.811,0.00111,10.453363200000002,10.440489600000001,0.014289696000000001
localLogin-1000,3483.0,3.576,0.854,0.853,0.00111,10.9940544,10.9811808,0.014289696000000001
localLogin-1000,3082.0,3.576,0.894,0.893,0.00111,11.5089984,11.496124800000002,0.014289696000000001
localLogin-1000,3042.0,3.576,0.923,0.922,0.00111,11.882332800000002,11.869459200000001,0.014289696000000001
localLoginEnc-1000,4770.0,3.486,0.936,0.935,0.00111,11.746425600000002,11.733876,0.013930056000000003
localLoginEnc-1000,4974.0,3.531,1.11,1.11,0.00111,14.109876000000002,14.109876000000002,0.014109876000000002
localLoginEnc-1000,4675.0,3.531,0.971,0.97,0.00111,12.342963600000001,12.330252,0.014109876000000002
localLoginEnc-1000,5300.0,3.531,0.967,0.966,0.00111,12.2921172,12.2794056,0.014109876000000002
localLoginEnc-1000,4382.0,3.486,1.08,1.08,0.00111,13.553568000000002,13.553568000000002,0.013930056000000003
localLoginEnc-1000,5031.0,3.486,0.997,0.996,0.00111,12.5119512,12.4994016,0.013930056000000003
localLoginEnc-1000,4955.0,3.486,1.04,1.04,0.00111,13.051584000000002,13.051584000000002,0.013930056000000003
localLoginEnc-1000,5867.0,3.486,1.27,1.26,0.00136,15.937992000000001,15.812496000000003,0.017067456
localLoginEnc-1000,5102.0,3.486,1.01,1.01,0.00111,12.675096000000002,12.675096000000002,0.013930056000000003
localLoginEnc-1000,4340.0,3.486,1.04,1.04,0.00111,13.051584000000002,13.051584000000002,0.013930056000000003
localLoginEnc-1000,4038.0,3.486,1.15,1.15,0.00111,14.432039999999999,14.432039999999999,0.013930056000000003
localLoginEnc-1000,4035.0,3.486,1.21,1.21,0.00111,15.185016000000001,15.185016000000001,0.013930056000000003
localLoginEnc-1000,4066.0,3.486,1.07,1.07,0.00111,13.428072000000002,13.428072000000002,0.013930056000000003
localLoginEnc-1000,3573.0,3.486,1.12,1.11,0.00111,14.055552000000004,13.930056000000002,0.013930056000000003
localLoginEnc-1000,4506.0,3.486,0.973,0.972,0.00111,12.210760800000001,12.198211200000001,0.013930056000000003
localLoginEnc-1000,4374.0,3.486,1.1,1.1,0.00111,13.804560000000002,13.804560000000002,0.013930056000000003
localLoginEnc-1000,4547.0,3.486,0.949,0.948,0.00111,11.9095704,11.8970208,0.013930056000000003
localLoginEnc-1000,4702.0,3.486,1.07,1.07,0.00111,13.428072000000002,13.428072000000002,0.013930056000000003
localLoginEnc-1000,5149.0,3.486,0.926,0.925,0.00111,11.620929600000002,11.60838,0.013930056000000003
localLoginEnc-1000,4611.0,3.486,1.05,1.05,0.000802,13.177080000000002,13.177080000000002,0.0100647792
localLoginEnc-1000,3752.0,3.486,1.17,1.17,0.00111,14.683032,14.683032,0.013930056000000003
localLoginEnc-1000,5221.0,3.486,1.01,1.01,0.00154,12.675096000000002,12.675096000000002,0.019326384
localLoginEnc-1000,3570.0,3.486,1.08,1.08,0.00111,13.553568000000002,13.553568000000002,0.013930056000000003
localLoginEnc-1000,4152.0,3.486,1.09,1.09,0.00111,13.679064000000002,13.679064000000002,0.013930056000000003
localLoginEnc-1000,5162.0,3.486,0.994,0.992,0.00111,12.474302400000001,12.449203200000001,0.013930056000000003
